code,name,iframe,thumb,http_status,category
4201,DuckCraft,https://cloud.onlinegames.io/games/2026/more/duckcraft/game.html,https://mathlib-cdn1.calcmath.workers.dev/thumbnails/duckcraft.jpg,200,open-world
4050,Veck.io,https://mathlib-cdn1.calcmath.workers.dev/activities/veck-io/index.html,https://mathlib-cdn1.calcmath.workers.dev/thumbnails/veck-io.webp,200,action
4049,Geometry Dash Lite,https://mathlib-cdn1.calcmath.workers.dev/activities/geometry-dash-lite/index.html,https://mathlib-cdn1.calcmath.workers.dev/thumbnails/geometry-dash-lite.jpeg,200,action
4046,Chicken Royale,https://mathlib-cdn1.calcmath.workers.dev/activities/chicken-royale/index.html,https://mathlib-cdn1.calcmath.workers.dev/thumbnails/chicken-royale.jpeg,200,action
2000,1010 Color Match,https://gameinclassroom.github.io/1010-color-match/,https://mathlib-cdn1.calcmath.workers.dev/thumbnails/2000.webp,200,puzzle
4015,3 Pandas In Japan,https://gameinclassroom.github.io/3-pandas-in-japan/,https://mathlib-cdn1.calcmath.workers.dev/thumbnails/4015.webp,200,adventure
4016,3D Free Kick,https://gameinclassroom.github.io/3d-free-kick/,https://mathlib-cdn1.calcmath.workers.dev/thumbnails/4016.webp,200,sports
4017,99 Balls,https://gameinclassroom.github.io/99-balls/,https://mathlib-cdn1.calcmath.workers.dev/thumbnails/4017.webp,200,arcade
4018,A Dance Of Fire And Ice,https://gameinclassroom.github.io/a-dance-of-fire-and-ice/,https://mathlib-cdn1.calcmath.workers.dev/thumbnails/4018.webp,200,arcade
4019,Achievement Unlocked,https://gameinclassroom.github.io/achievement-unlocked/,https://mathlib-cdn1.calcmath.workers.dev/thumbnails/4019.png,200,platformer
4020,Adam And Eve 5 Part 2,https://gameinclassroom.github.io/adam-and-eve-5-part-2/,https://mathlib-cdn1.calcmath.workers.dev/thumbnails/4020.webp,200,adventure
4021,Adam And Eve 5 Part One,https://gameinclassroom.github.io/adam-and-eve-5-part-one/,https://mathlib-cdn1.calcmath.workers.dev/thumbnails/4021.webp,200,adventure
4022,Adam And Eve 6,https://gameinclassroom.github.io/adam-and-eve-6/,https://mathlib-cdn1.calcmath.workers.dev/thumbnails/4022.webp,200,adventure
4023,Adam And Eve 7,https://gameinclassroom.github.io/adam-and-eve-7/,https://mathlib-cdn1.calcmath.workers.dev/thumbnails/4023.webp,200,adventure
4024,Adventure Drivers,https://gameinclassroom.github.io/adventure-drivers/,https://mathlib-cdn1.calcmath.workers.dev/thumbnails/4024.webp,200,adventure
4042,Aidan Emma,https://mathlib-cdn1.calcmath.workers.dev/activities/aidan-emma/index.html,https://mathlib-cdn1.calcmath.workers.dev/thumbnails/aidan-emma.png,200,adventure
4026,Alien Hominid,https://gameinclassroom.github.io/alien-hominid/,https://mathlib-cdn1.calcmath.workers.dev/thumbnails/4026.webp,200,action
4043,All Flee 2,https://mathlib-cdn1.calcmath.workers.dev/activities/all-flee-2/index.html,https://mathlib-cdn1.calcmath.workers.dev/thumbnails/all-flee-2.png,200,action
4027,Amidst The Sky,https://gameinclassroom.github.io/amidst-the-sky/,https://mathlib-cdn1.calcmath.workers.dev/thumbnails/4027.webp,200,casual
4031,Archery World Tour,https://gameinclassroom.github.io/archery-world-tour/,https://mathlib-cdn1.calcmath.workers.dev/thumbnails/4031.webp,200,sports
4044,Axel Dunngeon,https://mathlib-cdn1.calcmath.workers.dev/activities/axel-dunngeon/index.html,https://mathlib-cdn1.calcmath.workers.dev/thumbnails/axel-dunngeon.png,200,adventure
4035,Ball Sort Halloween,https://mathlib-cdn1.calcmath.workers.dev/activities/ball-sort-halloween/index.html,https://mathlib-cdn1.calcmath.workers.dev/thumbnails/4035.webp,200,puzzle
4036,Ball Sort Soccer,https://mathlib-cdn1.calcmath.workers.dev/activities/ball-sort-soccer/index.html,https://mathlib-cdn1.calcmath.workers.dev/thumbnails/4036.webp,200,sports
4037,Basket And Ball,https://mathlib-cdn1.calcmath.workers.dev/activities/basket-and-ball/index.html,https://mathlib-cdn1.calcmath.workers.dev/thumbnails/4037.webp,200,sports
4038,Basket Bros Io,https://mathlib-cdn1.calcmath.workers.dev/activities/basket-bros-io/index.html,https://mathlib-cdn1.calcmath.workers.dev/thumbnails/4038.webp,200,io
4047,Basketball Challenge Game,https://mathlib-cdn1.calcmath.workers.dev/activities/basketball-challenge-game/index.html,https://mathlib-cdn1.calcmath.workers.dev/thumbnails/basketball-challenge-game.png,200,sports
2032,Basketball Legends,https://mathlib-cdn1.calcmath.workers.dev/activities/basketball-legends/index.html,https://mathlib-cdn1.calcmath.workers.dev/thumbnails/2032.webp,200,sports
2035,Biker Street,https://gameinclassroom.github.io/biker-street/,https://mathlib-cdn1.calcmath.workers.dev/thumbnails/2035.webp,200,racing
4048,Block Fit,https://mathlib-cdn1.calcmath.workers.dev/activities/block-fit/index.html,https://mathlib-cdn1.calcmath.workers.dev/thumbnails/block-fit.png,200,puzzle
2048,Bouncy Woods,https://mathlib-cdn1.calcmath.workers.dev/activities/bouncy-woods/index.html,https://mathlib-cdn1.calcmath.workers.dev/thumbnails/2048.png,200,casual
2049,Boxing Physics 2,https://gameinclassroom.github.io/boxing-physics-2/,https://mathlib-cdn1.calcmath.workers.dev/thumbnails/2049.webp,200,action
2051,Breaking The Bank,https://gameinclassroom.github.io/breaking-the-bank/,https://mathlib-cdn1.calcmath.workers.dev/thumbnails/2051.webp,200,casual
2052,Browserfps Com,https://gameinclassroom.github.io/browserfps-com/,https://mathlib-cdn1.calcmath.workers.dev/thumbnails/2052.webp,200,io
2056,Burger Clicker,https://gameinclassroom.github.io/burger-clicker/,https://mathlib-cdn1.calcmath.workers.dev/thumbnails/2056.webp,200,idle
2057,Burrito Bison Launcha Libre,https://gameinclassroom.github.io/burrito-bison-launcha-libre/,https://mathlib-cdn1.calcmath.workers.dev/thumbnails/2057.webp,200,arcade
2059,Cannon Basketball 4,https://gameinclassroom.github.io/cannon-basketball-4/,https://mathlib-cdn1.calcmath.workers.dev/thumbnails/2059.webp,200,sports
2060,Car Rush,https://gameinclassroom.github.io/car-rush/,https://mathlib-cdn1.calcmath.workers.dev/thumbnails/2060.webp,200,casual
2061,Case Clicker,https://gameinclassroom.github.io/case-clicker/,https://mathlib-cdn1.calcmath.workers.dev/thumbnails/2061.webp,200,idle
2062,Checkers,https://gameinclassroom.github.io/checkers/,https://mathlib-cdn1.calcmath.workers.dev/thumbnails/2062.webp,200,puzzle
2063,Chicken Merge,https://gameinclassroom.github.io/chicken-merge/,https://mathlib-cdn1.calcmath.workers.dev/thumbnails/2063.webp,200,puzzle
2064,Choppy Orc,https://gameinclassroom.github.io/choppy-orc/,https://mathlib-cdn1.calcmath.workers.dev/thumbnails/2064.webp,200,arcade
2066,City Coach Bus Sim,https://gameinclassroom.github.io/city-coach-bus-sim/,https://mathlib-cdn1.calcmath.workers.dev/thumbnails/2066.webp,200,racing
2067,Clicker Heroes,https://gameinclassroom.github.io/clicker-heroes/,https://mathlib-cdn1.calcmath.workers.dev/thumbnails/2067.webp,200,idle
2068,Connect 3,https://gameinclassroom.github.io/connect-3/,https://mathlib-cdn1.calcmath.workers.dev/thumbnails/2068.webp,200,puzzle
2069,Craftmine,https://gameinclassroom.github.io/craftmine/,https://mathlib-cdn1.calcmath.workers.dev/thumbnails/2069.webp,200,adventure
2070,Crazy Tunel 3D,https://gameinclassroom.github.io/crazy-tunel-3d/,https://mathlib-cdn1.calcmath.workers.dev/thumbnails/2070.webp,200,casual
2071,Creative Kill Chamber,https://gameinclassroom.github.io/creative-kill-chamber/,https://mathlib-cdn1.calcmath.workers.dev/thumbnails/2071.png,200,action
2072,Cubeshot Io,https://gameinclassroom.github.io/cubeshot-io/,https://mathlib-cdn1.calcmath.workers.dev/thumbnails/2072.webp,200,io
2074,Cut The Rope,https://gameinclassroom.github.io/cut-the-rope/,https://mathlib-cdn1.calcmath.workers.dev/thumbnails/2074.webp,200,puzzle
2077,Dead Again,https://gameinclassroom.github.io/dead-again/,https://mathlib-cdn1.calcmath.workers.dev/thumbnails/2077.webp,200,horror
2079,Deathcar Io,https://gameinclassroom.github.io/deathcar-io/,https://mathlib-cdn1.calcmath.workers.dev/thumbnails/2079.webp,200,io
2080,Diebrary,https://gameinclassroom.github.io/diebrary/,https://mathlib-cdn1.calcmath.workers.dev/thumbnails/2080.webp,200,casual
2081,Dino Chrome Io,https://gameinclassroom.github.io/dino-chrome-io/,https://mathlib-cdn1.calcmath.workers.dev/thumbnails/2081.png,200,io
2082,Dinosaurs Merge Master,https://gameinclassroom.github.io/dinosaurs-merge-master/,https://mathlib-cdn1.calcmath.workers.dev/thumbnails/2082.webp,200,puzzle
2084,Down The Hill,https://gameinclassroom.github.io/down-the-hill/,https://mathlib-cdn1.calcmath.workers.dev/thumbnails/2084.webp,200,casual
2085,Dreadhead Parkour,https://gameinclassroom.github.io/dreadhead-parkour/,https://mathlib-cdn1.calcmath.workers.dev/thumbnails/2085.webp,200,platformer
2086,Drift Hunters,https://mathlib-cdn1.calcmath.workers.dev/geet-activities/drift-hunters/index.html,https://mathlib-cdn1.calcmath.workers.dev/thumbnails/geet-drift-hunters.webp,200,racing
2089,Eggy Car,https://mathlib-cdn1.calcmath.workers.dev/geet-activities/eggy-car/index.html,https://mathlib-cdn1.calcmath.workers.dev/thumbnails/geet-eggy-car.webp,200,casual
2090,Elastic Man,https://gameinclassroom.github.io/elastic-man/,https://mathlib-cdn1.calcmath.workers.dev/thumbnails/2090.webp,200,casual
2091,Electron Dash,https://gameinclassroom.github.io/electron-dash/,https://mathlib-cdn1.calcmath.workers.dev/thumbnails/2091.webp,200,casual
2092,Endless Tunnel,https://gameinclassroom.github.io/endless-tunnel/,https://mathlib-cdn1.calcmath.workers.dev/thumbnails/2092.webp,200,casual
2094,Eparkour Io,https://gameinclassroom.github.io/eparkour-io/,https://mathlib-cdn1.calcmath.workers.dev/thumbnails/2094.webp,200,io
2095,Ev Io,https://gameinclassroom.github.io/ev-io/,https://mathlib-cdn1.calcmath.workers.dev/thumbnails/2095.webp,200,io
2096,Fall Guys Ultimate Knockout,https://gameinclassroom.github.io/fall-guys-ultimate-knockout/,https://mathlib-cdn1.calcmath.workers.dev/thumbnails/2096.webp,200,action
2097,Farm Match Seasons,https://gameinclassroom.github.io/farm-match-seasons/,https://mathlib-cdn1.calcmath.workers.dev/thumbnails/2097.webp,200,puzzle
2098,Ferge Io,https://gameinclassroom.github.io/ferge-io/,https://mathlib-cdn1.calcmath.workers.dev/thumbnails/2098.webp,200,io
2100,Fire Truck Rescue,https://gameinclassroom.github.io/fire-truck-rescue/,https://mathlib-cdn1.calcmath.workers.dev/thumbnails/2100.webp,200,racing
2102,Fireboy And Watergirl Forest Temple,https://gameinclassroom.github.io/fireboy-and-watergirl-forest-temple/,https://mathlib-cdn1.calcmath.workers.dev/thumbnails/2102.webp,200,casual
2103,Fishing And Lines,https://gameinclassroom.github.io/fishing-and-lines/,https://mathlib-cdn1.calcmath.workers.dev/thumbnails/2103.webp,200,sports
2104,Fishing Frenzy,https://gameinclassroom.github.io/fishing-frenzy/,https://mathlib-cdn1.calcmath.workers.dev/thumbnails/2104.webp,200,sports
2105,Five Nights At Freddies 2,https://gameinclassroom.github.io/five-nights-at-freddies-2/,https://mathlib-cdn1.calcmath.workers.dev/thumbnails/2105.webp,200,horror
2106,Five Nights At Freddys 3,https://gameinclassroom.github.io/five-nights-at-freddys-3/,https://mathlib-cdn1.calcmath.workers.dev/thumbnails/2106.webp,200,horror
2110,Fnf Online,https://gameinclassroom.github.io/fnf-online/,https://mathlib-cdn1.calcmath.workers.dev/thumbnails/2110.webp,200,casual
2115,Gartic Phone Io,https://gameinclassroom.github.io/gartic-phone-io/,https://mathlib-cdn1.calcmath.workers.dev/thumbnails/2115.webp,200,io
2116,Geodash 2,https://gameinclassroom.github.io/geodash-2/,https://mathlib-cdn1.calcmath.workers.dev/thumbnails/2116.webp,200,casual
2117,Get On Top,https://gameinclassroom.github.io/get-on-top/,https://mathlib-cdn1.calcmath.workers.dev/thumbnails/2117.webp,200,casual
2119,Gobdun,https://gameinclassroom.github.io/gobdun/,https://mathlib-cdn1.calcmath.workers.dev/thumbnails/2119.webp,200,casual
2120,Gold Digger Frvr,https://gameinclassroom.github.io/gold-digger-frvr/,https://mathlib-cdn1.calcmath.workers.dev/thumbnails/2120.webp,200,casual
2121,Grand Vegas Simulator,https://gameinclassroom.github.io/grand-vegas-simulator/,https://mathlib-cdn1.calcmath.workers.dev/thumbnails/2121.webp,200,racing
2123,Gravity Soccer,https://gameinclassroom.github.io/gravity-soccer/,https://mathlib-cdn1.calcmath.workers.dev/thumbnails/2123.webp,200,sports
2124,Grindcraft Remastered,https://gameinclassroom.github.io/grindcraft-remastered/,https://mathlib-cdn1.calcmath.workers.dev/thumbnails/2124.webp,200,casual
2125,Gswitch 2,https://gameinclassroom.github.io/gswitch-2/,https://mathlib-cdn1.calcmath.workers.dev/thumbnails/2125.webp,200,casual
2126,Gswitch 3,https://gameinclassroom.github.io/gswitch-3/,https://mathlib-cdn1.calcmath.workers.dev/thumbnails/2126.webp,200,casual
2127,Gswitch 4,https://gameinclassroom.github.io/gswitch-4/,https://mathlib-cdn1.calcmath.workers.dev/thumbnails/2127.webp,200,casual
2128,Gswitch,https://gameinclassroom.github.io/gswitch/,https://mathlib-cdn1.calcmath.workers.dev/thumbnails/2128.webp,200,casual
2130,Gun Mayhem 2,https://gameinclassroom.github.io/gun-mayhem-2/,https://mathlib-cdn1.calcmath.workers.dev/thumbnails/2130.webp,200,casual
2131,Gun Mayhem Redux,https://gameinclassroom.github.io/gun-mayhem-redux/,https://mathlib-cdn1.calcmath.workers.dev/thumbnails/2131.webp,200,casual
2134,Hanger 2,https://gameinclassroom.github.io/hanger-2/,https://mathlib-cdn1.calcmath.workers.dev/thumbnails/2134.webp,200,casual
2135,Hanger,https://gameinclassroom.github.io/hanger/,https://mathlib-cdn1.calcmath.workers.dev/thumbnails/2135.webp,200,casual
2136,Happy Fishing,https://gameinclassroom.github.io/happy-fishing/,https://mathlib-cdn1.calcmath.workers.dev/thumbnails/2136.webp,200,sports
2138,Head Soccer 2023,https://gameinclassroom.github.io/head-soccer-2023/,https://mathlib-cdn1.calcmath.workers.dev/thumbnails/2138.webp,200,sports
2139,Hexanaut Io,https://gameinclassroom.github.io/hexanaut-io/,https://mathlib-cdn1.calcmath.workers.dev/thumbnails/2139.webp,200,io
4096,Hidden Objects,https://mathlib-cdn1.calcmath.workers.dev/activities/hidden-objects/index.html,https://mathlib-cdn1.calcmath.workers.dev/thumbnails/hidden-objects.png,200,casual
2140,Hide And Smash,https://gameinclassroom.github.io/hide-and-smash/,https://mathlib-cdn1.calcmath.workers.dev/thumbnails/2140.webp,200,action
2141,Hill Climb Racing 2,https://gameinclassroom.github.io/hill-climb-racing-2/,https://mathlib-cdn1.calcmath.workers.dev/thumbnails/2141.webp,200,racing
2142,Hole Io,https://gameinclassroom.github.io/hole-io/,https://mathlib-cdn1.calcmath.workers.dev/thumbnails/2142.webp,200,io
2143,Hop And Pop It,https://gameinclassroom.github.io/hop-and-pop-it/,https://mathlib-cdn1.calcmath.workers.dev/thumbnails/2143.webp,200,casual
2144,House Of Hazards,https://gameinclassroom.github.io/house-of-hazards/,https://mathlib-cdn1.calcmath.workers.dev/thumbnails/2144.webp,200,casual
2145,Icy Purple Head 2,https://gameinclassroom.github.io/icy-purple-head-2/,https://mathlib-cdn1.calcmath.workers.dev/thumbnails/2145.webp,200,casual
2146,Icy Purple Head 3,https://gameinclassroom.github.io/icy-purple-head-3/,https://mathlib-cdn1.calcmath.workers.dev/thumbnails/2146.webp,200,casual
2149,Idle Restaurants,https://gameinclassroom.github.io/idle-restaurants/,https://mathlib-cdn1.calcmath.workers.dev/thumbnails/2149.webp,200,idle
2150,Idle Tree City,https://gameinclassroom.github.io/idle-tree-city/,https://mathlib-cdn1.calcmath.workers.dev/thumbnails/2150.webp,200,idle
2152,Indian Truck,https://gameinclassroom.github.io/indian-truck/,https://mathlib-cdn1.calcmath.workers.dev/thumbnails/2152.webp,200,racing
2153,Infinite Soccer,https://gameinclassroom.github.io/infinite-soccer/,https://mathlib-cdn1.calcmath.workers.dev/thumbnails/2153.webp,200,sports
2155,Jetpack Joyride,https://gameinclassroom.github.io/jetpack-joyride/,https://mathlib-cdn1.calcmath.workers.dev/thumbnails/2155.webp,200,casual
2158,Johnny Upgrade,https://gameinclassroom.github.io/johnny-upgrade/,https://mathlib-cdn1.calcmath.workers.dev/thumbnails/2158.webp,200,casual
2161,Jungle Td,https://gameinclassroom.github.io/jungle-td/,https://mathlib-cdn1.calcmath.workers.dev/thumbnails/2161.webp,200,casual
2163,Kart Fight Io,https://gameinclassroom.github.io/kart-fight-io/,https://mathlib-cdn1.calcmath.workers.dev/thumbnails/2163.webp,200,io
2164,Knight Hero Adventure Rpg,https://gameinclassroom.github.io/knight-hero-adventure-rpg/,https://mathlib-cdn1.calcmath.workers.dev/thumbnails/2164.webp,200,adventure
2165,Krunker Io,https://gameinclassroom.github.io/krunker-io/,https://mathlib-cdn1.calcmath.workers.dev/thumbnails/2165.webp,200,io
2166,Leader Strike,https://gameinclassroom.github.io/leader-strike/,https://mathlib-cdn1.calcmath.workers.dev/thumbnails/2166.webp,200,action
2167,Lol Shot Io,https://gameinclassroom.github.io/lol-shot-io/,https://mathlib-cdn1.calcmath.workers.dev/thumbnails/2167.webp,200,io
2168,Lolbeans Io,https://gameinclassroom.github.io/lolbeans-io/,https://mathlib-cdn1.calcmath.workers.dev/thumbnails/2168.webp,200,io
2169,Lurkers Io,https://gameinclassroom.github.io/lurkers-io/,https://mathlib-cdn1.calcmath.workers.dev/thumbnails/2169.webp,200,io
2171,Mad Shark,https://gameinclassroom.github.io/mad-shark/,https://mathlib-cdn1.calcmath.workers.dev/thumbnails/2171.webp,200,casual
2172,Mad Truck Challenge,https://gameinclassroom.github.io/mad-truck-challenge/,https://mathlib-cdn1.calcmath.workers.dev/thumbnails/2172.webp,200,racing
2174,Madalin Stunt Cars 2,https://gameinclassroom.github.io/madalin-stunt-cars-2/,https://mathlib-cdn1.calcmath.workers.dev/thumbnails/2174.webp,200,casual
2175,Madalin Stunt Cars 3,https://gameinclassroom.github.io/madalin-stunt-cars-3/,https://mathlib-cdn1.calcmath.workers.dev/thumbnails/2175.webp,200,casual
2177,Masked Forces,https://gameinclassroom.github.io/masked-forces/,https://mathlib-cdn1.calcmath.workers.dev/thumbnails/2177.webp,200,casual
2180,Minecraft Case Simulator,https://gameinclassroom.github.io/minecraft-case-simulator/,https://mathlib-cdn1.calcmath.workers.dev/thumbnails/2180.webp,200,racing
2182,Money Movers 2,https://gameinclassroom.github.io/money-movers-2/,https://mathlib-cdn1.calcmath.workers.dev/thumbnails/2182.webp,200,casual
2183,Money Movers Guard Duty,https://gameinclassroom.github.io/money-movers-guard-duty/,https://mathlib-cdn1.calcmath.workers.dev/thumbnails/2183.webp,200,casual
2184,Money Movers,https://gameinclassroom.github.io/money-movers/,https://mathlib-cdn1.calcmath.workers.dev/thumbnails/2184.webp,200,casual
2185,Money Roller,https://gameinclassroom.github.io/money-roller/,https://mathlib-cdn1.calcmath.workers.dev/thumbnails/2185.webp,200,casual
2186,Monkey Mart,https://mathlib-cdn1.calcmath.workers.dev/geet-activities/monkey-mart/index.html,https://mathlib-cdn1.calcmath.workers.dev/thumbnails/geet-monkey-mart.jpg,200,idle
2187,Monster Truck Vs Zombie,https://gameinclassroom.github.io/monster-truck-vs-zombie/,https://mathlib-cdn1.calcmath.workers.dev/thumbnails/2187.webp,200,racing
2188,Moomoo Io (Sandbox),https://gameinclassroom.github.io/moomoo-io-sandbox/,https://mathlib-cdn1.calcmath.workers.dev/thumbnails/2188.webp,200,io
2189,Moto Maniac 3,https://gameinclassroom.github.io/moto-maniac-3/,https://mathlib-cdn1.calcmath.workers.dev/thumbnails/2189.webp,200,racing
2190,Moto X3M Spooky Land,https://gameinclassroom.github.io/moto-x3m-spooky-land/,https://mathlib-cdn1.calcmath.workers.dev/thumbnails/2190.webp,200,racing
2193,Moto3Xm Pool Party,https://gameinclassroom.github.io/moto3xm-pool-party/,https://mathlib-cdn1.calcmath.workers.dev/thumbnails/2193.webp,200,casual
2194,Mutazone,https://gameinclassroom.github.io/mutazone/,https://mathlib-cdn1.calcmath.workers.dev/thumbnails/2194.webp,200,casual
2195,Ninja Cat Exploit,https://gameinclassroom.github.io/ninja-cat-exploit/,https://mathlib-cdn1.calcmath.workers.dev/thumbnails/2195.webp,200,platformer
2197,Offroad Ultimate,https://gameinclassroom.github.io/offroad-ultimate/,https://mathlib-cdn1.calcmath.workers.dev/thumbnails/2197.webp,200,racing
2198,Only Up 2,https://gameinclassroom.github.io/only-up-2/,https://mathlib-cdn1.calcmath.workers.dev/thumbnails/2198.webp,200,casual
2199,Only Up 3D Parkour,https://gameinclassroom.github.io/only-up-3d-parkour/,https://mathlib-cdn1.calcmath.workers.dev/thumbnails/2199.webp,200,platformer
2202,Pacman Remake,https://gameinclassroom.github.io/pacman-remake/,https://mathlib-cdn1.calcmath.workers.dev/thumbnails/2202.webp,200,arcade
2203,Papas Burgeria,https://gameinclassroom.github.io/papas-burgeria/,https://mathlib-cdn1.calcmath.workers.dev/thumbnails/2203.webp,200,idle
2204,Papas Freezeria,https://gameinclassroom.github.io/papas-freezeria/,https://mathlib-cdn1.calcmath.workers.dev/thumbnails/2204.webp,200,idle
2205,Papa'S Pizzaria,https://gameinclassroom.github.io/papas-pizzaria/,https://mathlib-cdn1.calcmath.workers.dev/thumbnails/2205.webp,200,idle
2206,Paper 2 Io,https://gameinclassroom.github.io/paper-2-io/,https://mathlib-cdn1.calcmath.workers.dev/thumbnails/2206.webp,200,io
2207,Park Out,https://gameinclassroom.github.io/park-out/,https://mathlib-cdn1.calcmath.workers.dev/thumbnails/2207.webp,200,casual
2208,Parking Fury 2,https://gameinclassroom.github.io/parking-fury-2/,https://mathlib-cdn1.calcmath.workers.dev/thumbnails/2208.webp,200,casual
2209,Parking Fury 3,https://gameinclassroom.github.io/parking-fury-3/,https://mathlib-cdn1.calcmath.workers.dev/thumbnails/2209.webp,200,casual
2210,Parking Fury,https://gameinclassroom.github.io/parking-fury/,https://mathlib-cdn1.calcmath.workers.dev/thumbnails/2210.webp,200,casual
2211,Parkour Race,https://gameinclassroom.github.io/parkour-race/,https://mathlib-cdn1.calcmath.workers.dev/thumbnails/2211.webp,200,racing
2212,Penalty Kick,https://gameinclassroom.github.io/penalty-kick/,https://mathlib-cdn1.calcmath.workers.dev/thumbnails/2212.webp,200,sports
2213,Penalty Shooters 2,https://gameinclassroom.github.io/penalty-shooters-2/,https://mathlib-cdn1.calcmath.workers.dev/thumbnails/2213.webp,200,sports
2214,Penalty Shooters 3,https://gameinclassroom.github.io/penalty-shooters-3/,https://mathlib-cdn1.calcmath.workers.dev/thumbnails/2214.webp,200,sports
2216,Pixel Gun 3D,https://gameinclassroom.github.io/pixel-gun-3d/,https://mathlib-cdn1.calcmath.workers.dev/thumbnails/2216.webp,200,casual
2217,Pixel Smash Duel,https://gameinclassroom.github.io/pixel-smash-duel/,https://mathlib-cdn1.calcmath.workers.dev/thumbnails/2217.webp,200,action
2218,Pizza Tower,https://gameinclassroom.github.io/pizza-tower/,https://mathlib-cdn1.calcmath.workers.dev/thumbnails/2218.webp,200,casual
2219,Poop Clicker 3,https://gameinclassroom.github.io/poop-clicker-3/,https://mathlib-cdn1.calcmath.workers.dev/thumbnails/2219.webp,200,idle
2220,Pou,https://gameinclassroom.github.io/pou/,https://mathlib-cdn1.calcmath.workers.dev/thumbnails/2220.webp,200,casual
2221,President Simulator,https://gameinclassroom.github.io/president-simulator/,https://mathlib-cdn1.calcmath.workers.dev/thumbnails/2221.webp,200,racing
2222,Pudding Monsters,https://gameinclassroom.github.io/pudding-monsters/,https://mathlib-cdn1.calcmath.workers.dev/thumbnails/2222.webp,200,casual
2223,Push The Box 3D,https://gameinclassroom.github.io/push-the-box-3d/,https://mathlib-cdn1.calcmath.workers.dev/thumbnails/2223.webp,200,casual
2225,Raft Wars 2,https://gameinclassroom.github.io/raft-wars-2/,https://mathlib-cdn1.calcmath.workers.dev/thumbnails/2225.webp,200,casual
2226,Raft Wars,https://gameinclassroom.github.io/raft-wars/,https://mathlib-cdn1.calcmath.workers.dev/thumbnails/2226.webp,200,casual
2228,Rainbow Parkour Kogama,https://gameinclassroom.github.io/rainbow-parkour-kogama/,https://mathlib-cdn1.calcmath.workers.dev/thumbnails/2228.webp,200,platformer
2230,Real Garbage Truck,https://gameinclassroom.github.io/real-garbage-truck/,https://mathlib-cdn1.calcmath.workers.dev/thumbnails/2230.webp,200,racing
2231,Recoil,https://gameinclassroom.github.io/recoil/,https://mathlib-cdn1.calcmath.workers.dev/thumbnails/2231.webp,200,casual
2232,Red Driver 5,https://gameinclassroom.github.io/red-driver-5/,https://mathlib-cdn1.calcmath.workers.dev/thumbnails/2232.webp,200,racing
2233,Repuls,https://gameinclassroom.github.io/repuls/,https://mathlib-cdn1.calcmath.workers.dev/thumbnails/2233.webp,200,casual
2234,Riddle School 5,https://gameinclassroom.github.io/riddle-school-5/,https://mathlib-cdn1.calcmath.workers.dev/thumbnails/2234.webp,200,casual
2235,Riddle Transfer 2,https://gameinclassroom.github.io/riddle-transfer-2/,https://mathlib-cdn1.calcmath.workers.dev/thumbnails/2235.webp,200,casual
2236,Rise Of Neon Square,https://gameinclassroom.github.io/rise-of-neon-square/,https://mathlib-cdn1.calcmath.workers.dev/thumbnails/2236.webp,200,casual
2238,Rocket League,https://gameinclassroom.github.io/rocket-league/,https://mathlib-cdn1.calcmath.workers.dev/thumbnails/2238.webp,200,casual
2239,Rolling Ball 3D,https://gameinclassroom.github.io/rolling-ball-3d/,https://mathlib-cdn1.calcmath.workers.dev/thumbnails/2239.webp,200,casual
2240,Rolly Vortex Ball,https://gameinclassroom.github.io/rolly-vortex-ball/,https://mathlib-cdn1.calcmath.workers.dev/thumbnails/2240.webp,200,casual
2242,Roper,https://gameinclassroom.github.io/roper/,https://mathlib-cdn1.calcmath.workers.dev/thumbnails/2242.webp,200,casual
2245,Running Fred,https://gameinclassroom.github.io/running-fred/,https://mathlib-cdn1.calcmath.workers.dev/thumbnails/2245.webp,200,casual
2247,Sausage Flip,https://gameinclassroom.github.io/sausage-flip/,https://mathlib-cdn1.calcmath.workers.dev/thumbnails/2247.webp,200,casual
2248,Save The Doge,https://gameinclassroom.github.io/save-the-doge/,https://mathlib-cdn1.calcmath.workers.dev/thumbnails/2248.webp,200,casual
2249,Scenexe Io,https://gameinclassroom.github.io/scenexe-io/,https://mathlib-cdn1.calcmath.workers.dev/thumbnails/2249.webp,200,io
2251,Shell Shockers Io,https://gameinclassroom.github.io/shell-shockers-io/,https://mathlib-cdn1.calcmath.workers.dev/thumbnails/2251.webp,200,io
2252,Ships 3D,https://gameinclassroom.github.io/ships-3d/,https://mathlib-cdn1.calcmath.workers.dev/thumbnails/2252.webp,200,casual
2253,Short Ride,https://gameinclassroom.github.io/short-ride/,https://mathlib-cdn1.calcmath.workers.dev/thumbnails/2253.webp,200,casual
2254,Skibidi Toilet Attack,https://gameinclassroom.github.io/skibidi-toilet-attack/,https://mathlib-cdn1.calcmath.workers.dev/thumbnails/2254.webp,200,action
2255,Skibidi Toilet Rampage,https://gameinclassroom.github.io/skibidi-toilet-rampage/,https://mathlib-cdn1.calcmath.workers.dev/thumbnails/2255.webp,200,casual
2256,Skiing Fred,https://gameinclassroom.github.io/skiing-fred/,https://mathlib-cdn1.calcmath.workers.dev/thumbnails/2256.webp,200,casual
2257,Skillfite Io,https://gameinclassroom.github.io/skillfite-io/,https://mathlib-cdn1.calcmath.workers.dev/thumbnails/2257.webp,200,io
2262,Small World Cup,https://gameinclassroom.github.io/small-world-cup/,https://mathlib-cdn1.calcmath.workers.dev/thumbnails/2262.webp,200,sports
2264,Snail Bob Fantasy Story,https://gameinclassroom.github.io/snail-bob-fantasy-story/,https://mathlib-cdn1.calcmath.workers.dev/thumbnails/2264.webp,200,casual
2265,Snail Bob Island Story,https://gameinclassroom.github.io/snail-bob-island-story/,https://mathlib-cdn1.calcmath.workers.dev/thumbnails/2265.webp,200,casual
2266,Snail Bob Love Story,https://gameinclassroom.github.io/snail-bob-love-story/,https://mathlib-cdn1.calcmath.workers.dev/thumbnails/2266.webp,200,casual
2268,Snake Io,https://gameinclassroom.github.io/snake-io/,https://mathlib-cdn1.calcmath.workers.dev/thumbnails/2268.webp,200,io
2269,Snay Io (Agario),https://gameinclassroom.github.io/snay-io-agario/,https://mathlib-cdn1.calcmath.workers.dev/thumbnails/2269.webp,200,io
2270,Sniper Shot Bullet Time,https://gameinclassroom.github.io/sniper-shot-bullet-time/,https://mathlib-cdn1.calcmath.workers.dev/thumbnails/2270.webp,200,shooter
2271,Snipey Io,https://gameinclassroom.github.io/snipey-io/,https://mathlib-cdn1.calcmath.workers.dev/thumbnails/2271.webp,200,io
2272,Snow Battle Io,https://gameinclassroom.github.io/snow-battle-io/,https://mathlib-cdn1.calcmath.workers.dev/thumbnails/2272.webp,200,io
2274,Soccer Heads,https://gameinclassroom.github.io/soccer-heads/,https://mathlib-cdn1.calcmath.workers.dev/thumbnails/2274.webp,200,sports
2275,Soccer Skills Euro Cup 2021,https://gameinclassroom.github.io/soccer-skills-euro-cup-2021/,https://mathlib-cdn1.calcmath.workers.dev/thumbnails/2275.webp,200,sports
2276,Sonic The Hedgehog Remastered,https://gameinclassroom.github.io/sonic-the-hedgehog-remastered/,https://mathlib-cdn1.calcmath.workers.dev/thumbnails/2276.webp,200,platformer
2277,Spider Solitaire,https://gameinclassroom.github.io/spider-solitaire/,https://mathlib-cdn1.calcmath.workers.dev/thumbnails/2277.webp,200,puzzle
2278,Sprinter,https://gameinclassroom.github.io/sprinter/,https://mathlib-cdn1.calcmath.workers.dev/thumbnails/2278.webp,200,casual
2279,Stabfish 2,https://gameinclassroom.github.io/stabfish-2/,https://mathlib-cdn1.calcmath.workers.dev/thumbnails/2279.webp,200,casual
2281,Stack Bump 3D,https://gameinclassroom.github.io/stack-bump-3d/,https://mathlib-cdn1.calcmath.workers.dev/thumbnails/2281.webp,200,puzzle
2284,Stick Archers Battle,https://gameinclassroom.github.io/stick-archers-battle/,https://mathlib-cdn1.calcmath.workers.dev/thumbnails/2284.webp,200,action
2285,Stick Defenders,https://gameinclassroom.github.io/stick-defenders/,https://mathlib-cdn1.calcmath.workers.dev/thumbnails/2285.webp,200,casual
2287,Stickman Boost 2,https://gameinclassroom.github.io/stickman-boost-2/,https://mathlib-cdn1.calcmath.workers.dev/thumbnails/2287.webp,200,casual
2288,Stickman Boost,https://gameinclassroom.github.io/stickman-boost/,https://mathlib-cdn1.calcmath.workers.dev/thumbnails/2288.webp,200,casual
2289,Subway Princess Runner,https://gameinclassroom.github.io/subway-princess-runner/,https://mathlib-cdn1.calcmath.workers.dev/thumbnails/2289.webp,200,platformer
2290,Subway Runner,https://gameinclassroom.github.io/subway-runner/,https://mathlib-cdn1.calcmath.workers.dev/thumbnails/2290.webp,200,platformer
2291,Subway Surfers Bali,https://gameinclassroom.github.io/subway-surfers-bali/,https://mathlib-cdn1.calcmath.workers.dev/thumbnails/2291.webp,200,platformer
2292,Subway Surfers Hawaii,https://gameinclassroom.github.io/subway-surfers-hawaii/,https://mathlib-cdn1.calcmath.workers.dev/thumbnails/2292.webp,200,platformer
2294,Subway Surfers San Francisco,https://gameinclassroom.github.io/subway-surfers-san-francisco/,https://mathlib-cdn1.calcmath.workers.dev/thumbnails/2294.webp,200,platformer
2297,Suika Game,https://gameinclassroom.github.io/suika-game/,https://mathlib-cdn1.calcmath.workers.dev/thumbnails/2297.webp,200,casual
2298,Super Falling Fred,https://gameinclassroom.github.io/super-falling-fred/,https://mathlib-cdn1.calcmath.workers.dev/thumbnails/2298.webp,200,casual
2299,Super Fowlst,https://gameinclassroom.github.io/super-fowlst/,https://mathlib-cdn1.calcmath.workers.dev/thumbnails/2299.webp,200,casual
2300,Super Hexbee Merger,https://gameinclassroom.github.io/super-hexbee-merger/,https://mathlib-cdn1.calcmath.workers.dev/thumbnails/2300.webp,200,casual
2301,Super Liquid Soccer,https://gameinclassroom.github.io/super-liquid-soccer/,https://mathlib-cdn1.calcmath.workers.dev/thumbnails/2301.webp,200,sports
2304,Survivor In Rainbow Monster,https://gameinclassroom.github.io/survivor-in-rainbow-monster/,https://mathlib-cdn1.calcmath.workers.dev/thumbnails/2304.webp,200,adventure
2308,Tap Tap Shots,https://gameinclassroom.github.io/tap-tap-shots/,https://mathlib-cdn1.calcmath.workers.dev/thumbnails/2308.webp,200,casual
2310,The Bowling Club,https://gameinclassroom.github.io/the-bowling-club/,https://mathlib-cdn1.calcmath.workers.dev/thumbnails/2310.webp,200,sports
2311,The Fish Master,https://gameinclassroom.github.io/the-fish-master/,https://mathlib-cdn1.calcmath.workers.dev/thumbnails/2311.webp,200,casual
2315,Timber-Man,https://gameinclassroom.github.io/timber-man/,https://mathlib-cdn1.calcmath.workers.dev/thumbnails/2315.webp,200,casual
2316,Time Shooter 2,https://gameinclassroom.github.io/time-shooter-2/,https://mathlib-cdn1.calcmath.workers.dev/thumbnails/2316.webp,200,shooter
2317,Time Shooter 3 Swat,https://gameinclassroom.github.io/time-shooter-3-swat/,https://mathlib-cdn1.calcmath.workers.dev/thumbnails/2317.webp,200,shooter
2318,Tomb Runner,https://gameinclassroom.github.io/tomb-runner/,https://mathlib-cdn1.calcmath.workers.dev/thumbnails/2318.webp,200,platformer
2320,Tower Defense 2D,https://gameinclassroom.github.io/tower-defense-2d/,https://mathlib-cdn1.calcmath.workers.dev/thumbnails/2320.webp,200,strategy
2321,Traffic Control,https://gameinclassroom.github.io/traffic-control/,https://mathlib-cdn1.calcmath.workers.dev/thumbnails/2321.webp,200,casual
2323,Trafficmania,https://gameinclassroom.github.io/trafficmania/,https://mathlib-cdn1.calcmath.workers.dev/thumbnails/2323.webp,200,casual
2324,Tribals Io,https://gameinclassroom.github.io/tribals-io/,https://mathlib-cdn1.calcmath.workers.dev/thumbnails/2324.webp,200,io
2325,Tricksplit,https://gameinclassroom.github.io/tricksplit/,https://mathlib-cdn1.calcmath.workers.dev/thumbnails/2325.webp,200,casual
2326,Tube Clicker,https://gameinclassroom.github.io/tube-clicker/,https://mathlib-cdn1.calcmath.workers.dev/thumbnails/2326.webp,200,idle
2327,Tube Jumpers,https://gameinclassroom.github.io/tube-jumpers/,https://mathlib-cdn1.calcmath.workers.dev/thumbnails/2327.webp,200,casual
2328,Tunnel Rush 2,https://gameinclassroom.github.io/tunnel-rush-2/,https://mathlib-cdn1.calcmath.workers.dev/thumbnails/2328.webp,200,casual
2329,Turn Turn,https://gameinclassroom.github.io/turn-turn/,https://mathlib-cdn1.calcmath.workers.dev/thumbnails/2329.webp,200,casual
2330,Two Ball 3D,https://gameinclassroom.github.io/two-ball-3d/,https://mathlib-cdn1.calcmath.workers.dev/thumbnails/2330.webp,200,casual
2332,Uno 4 Colors Multiplayer,https://gameinclassroom.github.io/uno-4-colors-multiplayer/,https://mathlib-cdn1.calcmath.workers.dev/thumbnails/2332.webp,200,casual
2333,Venge Io,https://gameinclassroom.github.io/venge-io/,https://mathlib-cdn1.calcmath.workers.dev/thumbnails/2333.webp,200,io
2334,Vex 3,https://gameinclassroom.github.io/vex-3/,https://mathlib-cdn1.calcmath.workers.dev/thumbnails/2334.webp,200,casual
2335,Vex 4,https://gameinclassroom.github.io/vex-4/,https://mathlib-cdn1.calcmath.workers.dev/thumbnails/2335.webp,200,casual
2336,Vex 5,https://gameinclassroom.github.io/vex-5/,https://mathlib-cdn1.calcmath.workers.dev/thumbnails/2336.webp,200,casual
2337,Vex 6,https://gameinclassroom.github.io/vex-6/,https://mathlib-cdn1.calcmath.workers.dev/thumbnails/2337.webp,200,casual
2338,Vex 7,https://gameinclassroom.github.io/vex-7/,https://mathlib-cdn1.calcmath.workers.dev/thumbnails/2338.webp,200,casual
2339,Vex 8,https://gameinclassroom.github.io/vex-8/,https://mathlib-cdn1.calcmath.workers.dev/thumbnails/2339.webp,200,casual
2340,Voxiom Io,https://gameinclassroom.github.io/voxiom-io/,https://mathlib-cdn1.calcmath.workers.dev/thumbnails/2340.webp,200,io
2341,Wheelie Bike,https://gameinclassroom.github.io/wheelie-bike/,https://mathlib-cdn1.calcmath.workers.dev/thumbnails/2341.webp,200,racing
2342,Wheely 2,https://gameinclassroom.github.io/wheely-2/,https://mathlib-cdn1.calcmath.workers.dev/thumbnails/2342.webp,200,casual
2343,Wheely 3,https://gameinclassroom.github.io/wheely-3/,https://mathlib-cdn1.calcmath.workers.dev/thumbnails/2343.webp,200,casual
2344,Wheely 4 Time Travel,https://gameinclassroom.github.io/wheely-4-time-travel/,https://mathlib-cdn1.calcmath.workers.dev/thumbnails/2344.webp,200,casual
2345,Wheely 5,https://gameinclassroom.github.io/wheely-5/,https://mathlib-cdn1.calcmath.workers.dev/thumbnails/2345.webp,200,casual
2346,Wheely 6 Fairytale,https://gameinclassroom.github.io/wheely-6-fairytale/,https://mathlib-cdn1.calcmath.workers.dev/thumbnails/2346.webp,200,casual
2347,Wheely 7 Detective,https://gameinclassroom.github.io/wheely-7-detective/,https://mathlib-cdn1.calcmath.workers.dev/thumbnails/2347.webp,200,casual
2348,Wizard Mike,https://gameinclassroom.github.io/wizard-mike/,https://mathlib-cdn1.calcmath.workers.dev/thumbnails/2348.webp,200,adventure
2349,Word Slide,https://gameinclassroom.github.io/word-slide/,https://mathlib-cdn1.calcmath.workers.dev/thumbnails/2349.webp,200,puzzle
2350,Wordle Infinite,https://gameinclassroom.github.io/wordle-infinite/,https://mathlib-cdn1.calcmath.workers.dev/thumbnails/2350.webp,200,puzzle
2351,World'S Hardest Game 2,https://gameinclassroom.github.io/worlds-hardest-game-2/,https://mathlib-cdn1.calcmath.workers.dev/thumbnails/2351.webp,200,casual
2352,Wormate Io,https://gameinclassroom.github.io/wormate-io/,https://mathlib-cdn1.calcmath.workers.dev/thumbnails/2352.webp,200,io
2353,Wrestle Bros Io,https://gameinclassroom.github.io/wrestle-bros-io/,https://mathlib-cdn1.calcmath.workers.dev/thumbnails/2353.webp,200,io
2354,X Trial Racing,https://gameinclassroom.github.io/x-trial-racing/,https://mathlib-cdn1.calcmath.workers.dev/thumbnails/2354.webp,200,racing
2355,Yohoho Io,https://gameinclassroom.github.io/yohoho-io/,https://mathlib-cdn1.calcmath.workers.dev/thumbnails/2355.webp,200,io
2356,Zombie Shooter 2D,https://gameinclassroom.github.io/zombie-shooter-2d/,https://mathlib-cdn1.calcmath.workers.dev/thumbnails/2356.webp,200,horror
2358,Zombs Royale Io,https://gameinclassroom.github.io/zombs-royale-io/,https://mathlib-cdn1.calcmath.workers.dev/thumbnails/2358.webp,200,io
2359,Zuck Vs Musk - Techbro Beatdown,https://gameinclassroom.github.io/zuck-vs-musk-techbro-beatdown/,https://mathlib-cdn1.calcmath.workers.dev/thumbnails/2359.webp,200,casual
2365,A Small World Cup,https://gameinclassroom.github.io/a-small-world-cup/,https://mathlib-cdn1.calcmath.workers.dev/thumbnails/2365.webp,200,sports
2370,Boxing Phsyics 2,https://gameinclassroom.github.io/boxing-phsyics-2/,https://mathlib-cdn1.calcmath.workers.dev/thumbnails/2370.webp,200,action
2371,Burrito Bison,https://gameinclassroom.github.io/burrito-bison/,https://mathlib-cdn1.calcmath.workers.dev/thumbnails/2371.webp,200,arcade
2372,Falling Fred,https://gameinclassroom.github.io/falling-fred/,https://mathlib-cdn1.calcmath.workers.dev/thumbnails/2372.webp,200,casual
2373,Flip Bottle,https://gameinclassroom.github.io/flip-bottle/,https://mathlib-cdn1.calcmath.workers.dev/thumbnails/2373.webp,200,casual
2375,Fred Running,https://gameinclassroom.github.io/fred-running/,https://mathlib-cdn1.calcmath.workers.dev/thumbnails/2375.webp,200,casual
2376,Free Kick Classic,https://gameinclassroom.github.io/free-kick-classic/,https://mathlib-cdn1.calcmath.workers.dev/thumbnails/2376.webp,200,sports
2378,Geodash,https://gameinclassroom.github.io/geodash/,https://mathlib-cdn1.calcmath.workers.dev/thumbnails/2378.webp,200,casual
2380,Hammer 2 Reloaded,https://gameinclassroom.github.io/hammer-2-reloaded/,https://mathlib-cdn1.calcmath.workers.dev/thumbnails/2380.webp,200,casual
2382,Idle Restaurants Tycoon,https://gameinclassroom.github.io/idle-restaurants-tycoon/,https://mathlib-cdn1.calcmath.workers.dev/thumbnails/2382.webp,200,idle
2383,Jetpack Joyride Browser,https://gameinclassroom.github.io/jetpack-joyride-browser/,https://mathlib-cdn1.calcmath.workers.dev/thumbnails/2383.webp,200,casual
2385,Jungle Tower Defense,https://gameinclassroom.github.io/jungle-tower-defense/,https://mathlib-cdn1.calcmath.workers.dev/thumbnails/2385.webp,200,strategy
2388,Money Rush,https://gameinclassroom.github.io/money-rush/,https://mathlib-cdn1.calcmath.workers.dev/thumbnails/2388.webp,200,casual
2389,Moto X3M 3 Pool Party,https://gameinclassroom.github.io/moto-x3m-3-pool-party/,https://mathlib-cdn1.calcmath.workers.dev/thumbnails/2389.webp,200,racing
2390,Moto X3M 6 Spooky Land,https://gameinclassroom.github.io/moto-x3m-6-spooky-land/,https://mathlib-cdn1.calcmath.workers.dev/thumbnails/2390.webp,200,racing
2391,Moto X3M Two,https://gameinclassroom.github.io/moto-x3m-two/,https://mathlib-cdn1.calcmath.workers.dev/thumbnails/2391.webp,200,racing
2392,Moto X3M 4 Winter,https://gameinclassroom.github.io/moto-x3m4-winter/,https://mathlib-cdn1.calcmath.workers.dev/thumbnails/2392.webp,200,racing
2393,Noob Steve,https://gameinclassroom.github.io/noob-steve/,https://mathlib-cdn1.calcmath.workers.dev/thumbnails/2393.webp,200,casual
2394,Only Up,https://gameinclassroom.github.io/only-up/,https://mathlib-cdn1.calcmath.workers.dev/thumbnails/2394.webp,200,casual
2396,Penalty Kick Online,https://gameinclassroom.github.io/penalty-kick-online/,https://mathlib-cdn1.calcmath.workers.dev/thumbnails/2396.webp,200,sports
2397,Pixel Gun Apocalypse 2,https://gameinclassroom.github.io/pixel-gun-apocalypse-2/,https://mathlib-cdn1.calcmath.workers.dev/thumbnails/2397.webp,200,casual
2398,Push The Box,https://gameinclassroom.github.io/push-the-box/,https://mathlib-cdn1.calcmath.workers.dev/thumbnails/2398.webp,200,casual
2399,Royale Dudes Io,https://gameinclassroom.github.io/royale-dudes-io/,https://mathlib-cdn1.calcmath.workers.dev/thumbnails/2399.webp,200,io
2400,Sausage Flipping,https://gameinclassroom.github.io/sausage-flipping/,https://mathlib-cdn1.calcmath.workers.dev/thumbnails/2400.webp,200,casual
2403,Smash Karts,https://gameinclassroom.github.io/smash-karts/,https://mathlib-cdn1.calcmath.workers.dev/thumbnails/2403.webp,200,action
2406,Sniper Shot,https://gameinclassroom.github.io/sniper-shot/,https://mathlib-cdn1.calcmath.workers.dev/thumbnails/2406.webp,200,shooter
2407,Soccer Skills Euro,https://gameinclassroom.github.io/soccer-skills-euro/,https://mathlib-cdn1.calcmath.workers.dev/thumbnails/2407.webp,200,sports
2408,Suika,https://gameinclassroom.github.io/suika/,https://mathlib-cdn1.calcmath.workers.dev/thumbnails/2408.webp,200,casual
2411,Time Shooter 3,https://gameinclassroom.github.io/time-shooter-3/,https://mathlib-cdn1.calcmath.workers.dev/thumbnails/2411.webp,200,shooter
2412,Tricksplit Io,https://gameinclassroom.github.io/tricksplit-io/,https://mathlib-cdn1.calcmath.workers.dev/thumbnails/2412.webp,200,io
2413,Ultimate Offroad Simulator,https://gameinclassroom.github.io/ultimate-offroad-simulator/,https://mathlib-cdn1.calcmath.workers.dev/thumbnails/2413.webp,200,racing
2414,Uno,https://gameinclassroom.github.io/uno/,https://mathlib-cdn1.calcmath.workers.dev/thumbnails/2414.webp,200,casual
2415,Wheely 8 Aliens,https://gameinclassroom.github.io/wheely-8-aliens/,https://mathlib-cdn1.calcmath.workers.dev/thumbnails/2415.webp,200,casual
2416,Wordle Plus,https://gameinclassroom.github.io/wordle-plus/,https://mathlib-cdn1.calcmath.workers.dev/thumbnails/2416.webp,200,puzzle
2417,Cat Gunner: Super Zombie Shoot,https://gameinclassroom.github.io/cat-gunner-super-zombie-shoot/,https://mathlib-cdn1.calcmath.workers.dev/thumbnails/2417.webp,200,horror
2418,Cats: Crash Arena Turbo Stars,https://gameinclassroom.github.io/cats/,https://mathlib-cdn1.calcmath.workers.dev/thumbnails/2418.webp,200,action
2420,Super Mx The Champion,https://gameinclassroom.github.io/super-mx-the-champion/,https://mathlib-cdn1.calcmath.workers.dev/thumbnails/2420.webp,200,casual
2421,Zoom Be 3,https://gameinclassroom.github.io/zoom-be-3/,https://mathlib-cdn1.calcmath.workers.dev/thumbnails/2421.webp,200,casual
2422,Zombotag,https://gameinclassroom.github.io/zombotag/,https://mathlib-cdn1.calcmath.workers.dev/thumbnails/2422.webp,200,casual
2423,Zombie Siege Outbreak,https://gameinclassroom.github.io/zombie-siege-outbreak/,https://mathlib-cdn1.calcmath.workers.dev/thumbnails/2423.webp,200,horror
2424,Zombie Outbreak Arena,https://gameinclassroom.github.io/zombie-outbreak-arena/,https://mathlib-cdn1.calcmath.workers.dev/thumbnails/2424.webp,200,horror
2425,Zombie Killer,https://gameinclassroom.github.io/zombie-killer/,https://mathlib-cdn1.calcmath.workers.dev/thumbnails/2425.webp,200,horror
2426,Zeepkist: Crash 2D,https://gameinclassroom.github.io/zeepkist-crash-2d/,https://mathlib-cdn1.calcmath.workers.dev/thumbnails/2426.webp,200,casual
2427,Yarn Untangle,https://gameinclassroom.github.io/yarn-untangle/,https://mathlib-cdn1.calcmath.workers.dev/thumbnails/2427.webp,200,casual
2428,World'S Hardest Game 3,https://gameinclassroom.github.io/worlds-hardest-game-3/,https://mathlib-cdn1.calcmath.workers.dev/thumbnails/2428.webp,200,casual
2429,Words Search Classic Edition,https://gameinclassroom.github.io/words-search-classic-edition/,https://mathlib-cdn1.calcmath.workers.dev/thumbnails/2429.webp,200,casual
2432,Word City Uncrossed,https://gameinclassroom.github.io/word-city-uncrossed/,https://mathlib-cdn1.calcmath.workers.dev/thumbnails/2432.webp,200,puzzle
2438,Watermelon Game,https://gameinclassroom.github.io/watermelon-game/,https://mathlib-cdn1.calcmath.workers.dev/thumbnails/2438.webp,200,casual
2439,Water Color Sort,https://gameinclassroom.github.io/water-color-sort/,https://mathlib-cdn1.calcmath.workers.dev/thumbnails/2439.webp,200,puzzle
2440,War Of Caribbean Pirates,https://gameinclassroom.github.io/war-of-caribbean-pirates/,https://mathlib-cdn1.calcmath.workers.dev/thumbnails/2440.webp,200,strategy
2441,Kirka Io,https://gameinclassroom.github.io/kirka-io/,https://mathlib-cdn1.calcmath.workers.dev/thumbnails/2441.webp,200,io
2442,Geometry Monster (Shell Shockers),https://gameinclassroom.github.io/geometry-monster-shell-shockers/,https://mathlib-cdn1.calcmath.workers.dev/thumbnails/2442.webp,200,action
2443,Shell Shockers,https://gameinclassroom.github.io/shell-shockers/,https://mathlib-cdn1.calcmath.workers.dev/thumbnails/2443.webp,200,casual
2445,Village Craft,https://gameinclassroom.github.io/village-craft/,https://mathlib-cdn1.calcmath.workers.dev/thumbnails/2445.png,200,adventure
2446,Two Neon Boxes,https://gameinclassroom.github.io/two-neon-boxes/,https://mathlib-cdn1.calcmath.workers.dev/thumbnails/2446.webp,200,casual
2447,Two Ball 3D Dark,https://gameinclassroom.github.io/two-ball-3d-dark/,https://mathlib-cdn1.calcmath.workers.dev/thumbnails/2447.webp,200,casual
2448,Truck Traffic,https://gameinclassroom.github.io/truck-traffic/,https://mathlib-cdn1.calcmath.workers.dev/thumbnails/2448.webp,200,racing
2449,Truck Loader 5,https://gameinclassroom.github.io/truck-loader-5/,https://mathlib-cdn1.calcmath.workers.dev/thumbnails/2449.webp,200,racing
2450,Truck Loader 2,https://gameinclassroom.github.io/truck-loader-2/,https://mathlib-cdn1.calcmath.workers.dev/thumbnails/2450.webp,200,racing
2451,Traffic Rush,https://gameinclassroom.github.io/traffic-rush/,https://mathlib-cdn1.calcmath.workers.dev/thumbnails/2451.webp,200,casual
2452,Traffic Rider,https://gameinclassroom.github.io/traffic-rider/,https://mathlib-cdn1.calcmath.workers.dev/thumbnails/2452.webp,200,casual
2453,Traffic Escape,https://gameinclassroom.github.io/traffic-escape/,https://mathlib-cdn1.calcmath.workers.dev/thumbnails/2453.webp,200,casual
2454,Tower Of Destiny,https://gameinclassroom.github.io/tower-of-destiny/,https://mathlib-cdn1.calcmath.workers.dev/thumbnails/2454.webp,200,casual
2455,Touchdowners,https://gameinclassroom.github.io/touchdowners/,https://mathlib-cdn1.calcmath.workers.dev/thumbnails/2455.webp,200,casual
2456,Total Recoil,https://gameinclassroom.github.io/total-recoil/,https://mathlib-cdn1.calcmath.workers.dev/thumbnails/2456.webp,200,casual
2457,Top Speed Racing 3D,https://gameinclassroom.github.io/top-speed-racing-3d/,https://mathlib-cdn1.calcmath.workers.dev/thumbnails/2457.webp,200,racing
2458,Tomb Of The Mask,https://gameinclassroom.github.io/tomb-of-the-mask/,https://mathlib-cdn1.calcmath.workers.dev/thumbnails/2458.webp,200,casual
2459,Tinytown Racing,https://gameinclassroom.github.io/tinytownracing/,https://mathlib-cdn1.calcmath.workers.dev/thumbnails/2459.webp,200,racing
2460,Tic Tac Toe,https://gameinclassroom.github.io/tictactoe/,https://mathlib-cdn1.calcmath.workers.dev/thumbnails/2460.webp,200,casual
2461,Thumb Fighter,https://gameinclassroom.github.io/thumb-fighter/,https://mathlib-cdn1.calcmath.workers.dev/thumbnails/2461.webp,200,action
2464,The Spear Stickman,https://gameinclassroom.github.io/the-spear-stickman/,https://mathlib-cdn1.calcmath.workers.dev/thumbnails/2464.webp,200,casual
2465,The Little Giant,https://gameinclassroom.github.io/the-little-giant/,https://mathlib-cdn1.calcmath.workers.dev/thumbnails/2465.webp,200,casual
2466,Tetris 99,https://gameinclassroom.github.io/tetris-99/,https://mathlib-cdn1.calcmath.workers.dev/thumbnails/2466.webp,200,puzzle
2468,Tennis Masters,https://gameinclassroom.github.io/tennis-masters/,https://mathlib-cdn1.calcmath.workers.dev/thumbnails/2468.webp,200,sports
2469,Tag 2,https://gameinclassroom.github.io/tag-2/,https://mathlib-cdn1.calcmath.workers.dev/thumbnails/2469.webp,200,casual
2472,Swatforce Vs Terrorists,https://gameinclassroom.github.io/swatforce-vs-terrorists/,https://mathlib-cdn1.calcmath.workers.dev/thumbnails/2472.webp,200,casual
2473,Supernova,https://gameinclassroom.github.io/supernova/,https://mathlib-cdn1.calcmath.workers.dev/thumbnails/2473.webp,200,casual
2474,Superbike Hero,https://gameinclassroom.github.io/superbike-hero/,https://mathlib-cdn1.calcmath.workers.dev/thumbnails/2474.webp,200,adventure
2475,Superbattle 2,https://gameinclassroom.github.io/superbattle-2/,https://mathlib-cdn1.calcmath.workers.dev/thumbnails/2475.webp,200,casual
2476,Super Tunnel Rush,https://gameinclassroom.github.io/super-tunnel-rush/,https://mathlib-cdn1.calcmath.workers.dev/thumbnails/2476.webp,200,casual
2477,Super Santa Kicker,https://gameinclassroom.github.io/super-santa-kicker/,https://mathlib-cdn1.calcmath.workers.dev/thumbnails/2477.webp,200,casual
2478,Super Bike The Champion,https://gameinclassroom.github.io/super-bike-the-champion/,https://mathlib-cdn1.calcmath.workers.dev/thumbnails/2478.webp,200,racing
2479,Sumo Party,https://gameinclassroom.github.io/sumo-party/,https://mathlib-cdn1.calcmath.workers.dev/thumbnails/2479.webp,200,action
2480,Stupid Zombies 2,https://gameinclassroom.github.io/stupid-zombies-2/,https://mathlib-cdn1.calcmath.workers.dev/thumbnails/2480.webp,200,casual
2481,Stock Car Hero,https://gameinclassroom.github.io/stock-car-hero/,https://mathlib-cdn1.calcmath.workers.dev/thumbnails/2481.webp,200,adventure
2482,Stickman Warriors,https://gameinclassroom.github.io/stickman-warriors/,https://mathlib-cdn1.calcmath.workers.dev/thumbnails/2482.webp,200,casual
2483,Stickman Ragdoll Crash Fun,https://gameinclassroom.github.io/stickman-ragdoll-crash-fun/,https://mathlib-cdn1.calcmath.workers.dev/thumbnails/2483.webp,200,casual
2484,Stickman Golf,https://gameinclassroom.github.io/stickman-golf/,https://mathlib-cdn1.calcmath.workers.dev/thumbnails/2484.webp,200,sports
2485,Stickman Fighter Mega Brawl,https://gameinclassroom.github.io/stickman-fighter-mega-brawl/,https://mathlib-cdn1.calcmath.workers.dev/thumbnails/2485.webp,200,action
2486,Stickman Fight Ragdoll,https://gameinclassroom.github.io/stickman-fight-ragdoll/,https://mathlib-cdn1.calcmath.workers.dev/thumbnails/2486.webp,200,action
2487,Stickman Crazy Box,https://gameinclassroom.github.io/stickman-crazy-box/,https://mathlib-cdn1.calcmath.workers.dev/thumbnails/2487.webp,200,casual
2488,Stickman Army The Resistance,https://gameinclassroom.github.io/stickman-army-the-resistance/,https://mathlib-cdn1.calcmath.workers.dev/thumbnails/2488.webp,200,casual
2489,Stair Race 3D,https://gameinclassroom.github.io/stair-race-3d/,https://mathlib-cdn1.calcmath.workers.dev/thumbnails/2489.webp,200,racing
2490,Space Major Miner,https://gameinclassroom.github.io/space-major-miner/,https://mathlib-cdn1.calcmath.workers.dev/thumbnails/2490.webp,200,casual
2491,Soccer Skills Champions League,https://gameinclassroom.github.io/soccer-skills-champions-league/,https://mathlib-cdn1.calcmath.workers.dev/thumbnails/2491.webp,200,sports
2493,Snail Bob 6,https://gameinclassroom.github.io/snail-bob-6/,https://mathlib-cdn1.calcmath.workers.dev/thumbnails/2493.webp,200,casual
2494,Snake Is Mlg Edition,https://gameinclassroom.github.io/snake-is-mlg-edition/,https://mathlib-cdn1.calcmath.workers.dev/thumbnails/2494.webp,200,casual
2499,Sling Kong,https://gameinclassroom.github.io/sling-kong/,https://mathlib-cdn1.calcmath.workers.dev/thumbnails/2499.webp,200,casual
2500,Slime Road,https://gameinclassroom.github.io/slime-road/,https://mathlib-cdn1.calcmath.workers.dev/thumbnails/2500.webp,200,casual
2501,Slime Laboratory,https://gameinclassroom.github.io/slime-laboratory/,https://mathlib-cdn1.calcmath.workers.dev/thumbnails/2501.webp,200,casual
2502,Skibidi Shooter,https://gameinclassroom.github.io/skibidi-shooter/,https://mathlib-cdn1.calcmath.workers.dev/thumbnails/2502.webp,200,shooter
2503,Sink It,https://gameinclassroom.github.io/sink-it/,https://mathlib-cdn1.calcmath.workers.dev/thumbnails/2503.webp,200,casual
2504,Shootz,https://gameinclassroom.github.io/shootz/,https://mathlib-cdn1.calcmath.workers.dev/thumbnails/2504.webp,200,shooter
2505,Shoot Stickman,https://gameinclassroom.github.io/shoot-stickman/,https://mathlib-cdn1.calcmath.workers.dev/thumbnails/2505.webp,200,shooter
2506,Sharkio,https://gameinclassroom.github.io/sharkio/,https://mathlib-cdn1.calcmath.workers.dev/thumbnails/2506.webp,200,casual
2507,Shape Fold Html5,https://gameinclassroom.github.io/shape-fold-html5/,https://mathlib-cdn1.calcmath.workers.dev/thumbnails/2507.webp,200,casual
2508,Shape Fold Animals,https://gameinclassroom.github.io/shape-fold-animals/,https://mathlib-cdn1.calcmath.workers.dev/thumbnails/2508.webp,200,casual
2509,Shady Bears,https://gameinclassroom.github.io/shady-bears/,https://mathlib-cdn1.calcmath.workers.dev/thumbnails/2509.webp,200,casual
3094,99 Nights Forest Survival,https://db2.duckmath.org/2026/unity/99-nights-in-the-forest-survival/pre.html,https://mathlib-cdn1.calcmath.workers.dev/thumbnails/3094.webp,200,adventure
3095,Race Survival Arena King,https://classroomlesson.github.io/basic-ruffle-player/html/race_survival_arena_king/index.html,https://mathlib-cdn1.calcmath.workers.dev/thumbnails/3095.webp,200,racing
3096,Golf Orbit,https://classroomlesson.github.io/basic-ruffle-player/html/golf_orbit/index.html,https://mathlib-cdn1.calcmath.workers.dev/thumbnails/3096.webp,200,sports
3097,Deadly Descent,https://classroomlesson.github.io/basic-ruffle-player/html/deadly_descent/index.html,https://mathlib-cdn1.calcmath.workers.dev/thumbnails/3097.webp,200,horror
3098,Highway Traffic,https://db2.duckmath.org/2022/unity/highway-traffic/pre.html,https://mathlib-cdn1.calcmath.workers.dev/thumbnails/3098.webp,200,racing
3099,Sh3Llsh0Ck,https://mathlete.pages.dev,https://mathlib-cdn1.calcmath.workers.dev/thumbnails/3099.webp,200,shooter
3100,Ragdoll Hit,https://classroomlesson.github.io/basic-ruffle-player/html/ragdoll_hit/index.html,https://mathlib-cdn1.calcmath.workers.dev/thumbnails/3100.webp,200,action
3101,Friday Night Funkin,https://classroomlesson.github.io/basic-ruffle-player/html/friday_night_funkin/index.html,https://mathlib-cdn1.calcmath.workers.dev/thumbnails/3101.webp,200,puzzle
3102,Obby But Youre On A Bike,https://classroomlesson.github.io/basic-ruffle-player/html/obby_but_youre_on_a_bike/index.html,https://mathlib-cdn1.calcmath.workers.dev/thumbnails/3102.webp,200,platformer
3103,Love Tester,https://db2.duckmath.org/2021/3/love-tester/pre.html,https://mathlib-cdn1.calcmath.workers.dev/thumbnails/3103.webp,200,puzzle
3104,2D Fortnite,https://db2.duckmath.org/2025/more/fort-battle-royale/pre.html,https://mathlib-cdn1.calcmath.workers.dev/thumbnails/3104.webp,200,platformer
3105,Clash Royale,https://classroomlesson.github.io/basic-ruffle-player/html/clash_royale/index.html,https://mathlib-cdn1.calcmath.workers.dev/thumbnails/3105.webp,200,action
3106,Escape Car,https://classroomlesson.github.io/basic-ruffle-player/html/escape_car/index.html,https://mathlib-cdn1.calcmath.workers.dev/thumbnails/3106.webp,200,puzzle
3107,Football Bros,https://classroomlesson.github.io/basic-ruffle-player/html/football_bros/index.html,https://mathlib-cdn1.calcmath.workers.dev/thumbnails/3107.webp,200,sports
3108,Drift King,https://db2.duckmath.org/2024/unity/drift-king/pre.html,https://mathlib-cdn1.calcmath.workers.dev/thumbnails/3108.webp,200,racing
3109,Thorns And Ballons,https://classroomlesson.github.io/basic-ruffle-player/html/thorns_and_ballons/index.html,https://mathlib-cdn1.calcmath.workers.dev/thumbnails/3109.webp,200,puzzle
3110,Steal Brainrot Duel,https://db2.duckmath.org/2025/rhm2/steal-brainrot-duel/pre.html,https://mathlib-cdn1.calcmath.workers.dev/thumbnails/3110.webp,200,io
3111,Pokemon Emerald,https://maddox05.github.io/gba_emu/launcher.html#pokemonemerald,https://mathlib-cdn1.calcmath.workers.dev/thumbnails/3111.webp,200,adventure
3112,Eagle Duckcraft,https://classroomlesson.github.io/basic-ruffle-player/html/minecraft/duckcraft/duckcraft-v1.html,https://mathlib-cdn1.calcmath.workers.dev/thumbnails/3112.webp,200,casual
3113,Baseball Bros,https://classroomlesson.github.io/basic-ruffle-player/html/baseball_bros/index.html,https://mathlib-cdn1.calcmath.workers.dev/thumbnails/3113.webp,200,sports
3114,Stack Fire Ball,https://db2.duckmath.org/2021/unity/stack-fire-ball/pre.html,https://mathlib-cdn1.calcmath.workers.dev/thumbnails/3114.webp,200,idle
3115,Blocky Puzzle,https://classroomlesson.github.io/basic-ruffle-player/html/blocky_puzzle/index.html,https://mathlib-cdn1.calcmath.workers.dev/thumbnails/3115.webp,200,puzzle
3116,Brookhaven,https://classroomlesson.github.io/basic-ruffle-player/html/brookhaven/index.html,https://mathlib-cdn1.calcmath.workers.dev/thumbnails/3116.webp,200,racing
3117,Snek Io,https://db2.duckmath.org/2026/more/snek-io/pre.html,https://mathlib-cdn1.calcmath.workers.dev/thumbnails/3117.webp,200,io
3118,Hollow Knight,https://classroomlesson.github.io/basic-ruffle-player/html/hollow_knight/index.html,https://mathlib-cdn1.calcmath.workers.dev/thumbnails/3118.webp,200,platformer
3119,Bloonstd 5,https://classroomlesson.github.io/basic-ruffle-player/html/btd5/index.html,https://mathlib-cdn1.calcmath.workers.dev/thumbnails/3119.webp,200,action
3120,Level Troll,https://db2.duckmath.org/2024/unity2/troll-level/pre.html,https://mathlib-cdn1.calcmath.workers.dev/thumbnails/3120.webp,200,platformer
3121,Backflip Challenge,https://db2.duckmath.org/2026/unity/backflip-challenge/pre.html,https://mathlib-cdn1.calcmath.workers.dev/thumbnails/3121.webp,200,idle
3122,Fast Food Manager,https://db2.duckmath.org/2025/unity4/fast-food-manager/pre.html,https://mathlib-cdn1.calcmath.workers.dev/thumbnails/3122.webp,200,idle
3123,Gta Simulator,https://db2.duckmath.org/2023/unity2/gta-simulator/pre.html,https://mathlib-cdn1.calcmath.workers.dev/thumbnails/3123.webp,200,open-world
3124,Stickman Gta City,https://db2.duckmath.org/2024/unity3/stickman-gta-city/pre.html,https://mathlib-cdn1.calcmath.workers.dev/thumbnails/3124.webp,200,open-world
3125,Spartahoppers,https://db2.duckmath.org/2025/construct/227/spartahoppers/pre.html,https://mathlib-cdn1.calcmath.workers.dev/thumbnails/3125.webp,200,adventure
3126,Dublix,https://db2.duckmath.org/2025/unity4/dublix/pre.html,https://mathlib-cdn1.calcmath.workers.dev/thumbnails/3126.webp,200,platformer
3127,Spider Dude Parkour,https://classroomlesson.github.io/basic-ruffle-player/html/spider_dude_parkour/index.html,https://mathlib-cdn1.calcmath.workers.dev/thumbnails/3127.jpg,200,platformer
3128,Crazy Cattle 3D Pro,https://db2.duckmath.org/2025/unity3/crazy-cattle-3d/pre.html,https://mathlib-cdn1.calcmath.workers.dev/thumbnails/3128.webp,200,adventure
3129,Capybara Clicker,https://db2.duckmath.org/2023/q2/capy-cutie-clicker/pre.html,https://mathlib-cdn1.calcmath.workers.dev/thumbnails/3129.webp,200,idle
3130,Real Flight Simulator,https://db2.duckmath.org/2023/unity2/real-flight-simulator/pre.html,https://mathlib-cdn1.calcmath.workers.dev/thumbnails/3130.webp,200,adventure
3131,Fighter Aircraft Pilot,https://classroomlesson.github.io/basic-ruffle-player/html/fighter_aircraft_pilot/index.html,https://mathlib-cdn1.calcmath.workers.dev/thumbnails/3131.webp,200,action
3132,Crazycattle3D,https://classroomlesson.github.io/basic-ruffle-player/html/crazycattle3d/index.html,https://mathlib-cdn1.calcmath.workers.dev/thumbnails/3132.webp,200,action
3133,Steal Brainrot Heist,https://db2.duckmath.org/2026/unity/steal-brainrot-heist/pre.html,https://mathlib-cdn1.calcmath.workers.dev/thumbnails/3133.webp,200,action
3134,Masked Special Forces,https://classroomlesson.github.io/basic-ruffle-player/html/masked_special_forces/index.html,https://mathlib-cdn1.calcmath.workers.dev/thumbnails/3134.webp,200,shooter
3135,Rainbow Friends Return,https://classroomlesson.github.io/basic-ruffle-player/html/rainbow_friends_return/index.html,https://mathlib-cdn1.calcmath.workers.dev/thumbnails/3135.jpg,200,horror
3136,Spiral Roll,https://classroomlesson.github.io/basic-ruffle-player/html/spiral_roll/index.html,https://mathlib-cdn1.calcmath.workers.dev/thumbnails/3136.webp,200,puzzle
3137,Doki Doki Literature Club,https://classroomlesson.github.io/basic-ruffle-player/html/ddlc/index.html,https://mathlib-cdn1.calcmath.workers.dev/thumbnails/3137.webp,200,idle
3138,Ink Game,https://classroomlesson.github.io/basic-ruffle-player/html/squid_game_2_mini_games/index.html,https://mathlib-cdn1.calcmath.workers.dev/thumbnails/3138.webp,200,platformer
3139,Arrow Master,https://classroomlesson.github.io/basic-ruffle-player/html/arrow_master/index.html,https://mathlib-cdn1.calcmath.workers.dev/thumbnails/3139.webp,200,sports
3140,Stickman Parkour,https://classroomlesson.github.io/basic-ruffle-player/html/stickman_parkour/index.html,https://mathlib-cdn1.calcmath.workers.dev/thumbnails/3140.webp,200,platformer
3141,Soviet Sniper,https://classroomlesson.github.io/basic-ruffle-player/html/soviet_sniper/index.html,https://mathlib-cdn1.calcmath.workers.dev/thumbnails/3141.webp,200,shooter
3142,Pokemon Red,https://maddox05.github.io/gba_emu/launcher.html#pokemonred,https://mathlib-cdn1.calcmath.workers.dev/thumbnails/3142.webp,200,adventure
3143,Fnaf World,https://db2.duckmath.org/2024/more2/fnaf-world/pre.html,https://mathlib-cdn1.calcmath.workers.dev/thumbnails/3143.webp,200,horror
3144,Bit Planes,https://classroomlesson.github.io/basic-ruffle-player/html/bit_planes/index.html,https://mathlib-cdn1.calcmath.workers.dev/thumbnails/3144.webp,200,racing
3145,Cubecraft Survival,https://mathlib-cdn1.calcmath.workers.dev/geet-activities/cubecraft-survival/index.html,https://mathlib-cdn1.calcmath.workers.dev/thumbnails/3145.webp,200,adventure
3146,Plants Vs Zombies,https://classroomlesson.github.io/basic-ruffle-player/html/pvz/index.html,https://mathlib-cdn1.calcmath.workers.dev/thumbnails/3146.webp,200,puzzle
3147,Incredibox,https://classroomlesson.github.io/basic-ruffle-player/html/incredibox/index.html,https://mathlib-cdn1.calcmath.workers.dev/thumbnails/3147.webp,200,casual
3148,Stickman Destruction,https://db2.duckmath.org/2021/unity3/stickman-destruction/pre.html,https://mathlib-cdn1.calcmath.workers.dev/thumbnails/3148.webp,200,casual
3149,Warstrike,https://db2.duckmath.org/2024/unity3/warstrike/pre.html,https://mathlib-cdn1.calcmath.workers.dev/thumbnails/3149.webp,200,shooter
3150,Survival Karts,https://db2.duckmath.org/2024/unity3/survival-karts/pre.html,https://mathlib-cdn1.calcmath.workers.dev/thumbnails/3150.webp,200,racing
3151,Su Battle Royale,https://db2.duckmath.org/2024/su-battle-royale/pre.html,https://mathlib-cdn1.calcmath.workers.dev/thumbnails/3151.webp,200,action
3152,Plants Vs Zombie Hybrid Story Mod,https://classroomlesson.github.io/basic-ruffle-player/html/pvz_hybrid_story_mod/index.html,https://mathlib-cdn1.calcmath.workers.dev/thumbnails/3152.webp,200,horror
3153,Edys Car Simulator,https://db2.duckmath.org/2022/unity/edys-car-simulator/pre.html,https://mathlib-cdn1.calcmath.workers.dev/thumbnails/3153.webp,200,racing
3154,Growden Io,https://classroomlesson.github.io/basic-ruffle-player/html/growden_io/index.html,https://mathlib-cdn1.calcmath.workers.dev/thumbnails/3154.webp,200,io
3155,Escape Tsunami For Brainrots,https://classroomlesson.github.io/basic-ruffle-player/html/escape-tsunami-for-brainrots/index.html,https://mathlib-cdn1.calcmath.workers.dev/thumbnails/3155.webp,200,puzzle
3156,Pocket Champions,https://classroomlesson.github.io/basic-ruffle-player/html/pocket_champions/index.html,https://mathlib-cdn1.calcmath.workers.dev/thumbnails/3156.webp,200,sports
3157,Pixel Path,https://classroomlesson.github.io/basic-ruffle-player/html/pixel_path/index.html,https://mathlib-cdn1.calcmath.workers.dev/thumbnails/3157.webp,200,platformer
3158,Zombie Derby Pixel Survival,https://classroomlesson.github.io/basic-ruffle-player/html/zombie_derby_pixel_survival/index.html,https://mathlib-cdn1.calcmath.workers.dev/thumbnails/3158.webp,200,horror
3159,Police Chase Drifter,https://db2.duckmath.org/2021/3/police-chase-drifter/pre.html,https://mathlib-cdn1.calcmath.workers.dev/thumbnails/3159.webp,200,racing
3160,Spacebar Clicker,https://db2.duckmath.org/2024/more/spacebar-clicker/pre.html,https://mathlib-cdn1.calcmath.workers.dev/thumbnails/3160.webp,200,idle
3161,Dune,https://classroomlesson.github.io/basic-ruffle-player/html/dune/index.html,https://mathlib-cdn1.calcmath.workers.dev/thumbnails/3161.webp,200,adventure
3162,Traffic Jam,https://db2.duckmath.org/2025/more/traffic-jam/pre.html,https://mathlib-cdn1.calcmath.workers.dev/thumbnails/3162.webp,200,racing
3163,Life Simulator,https://db2.duckmath.org/2025/unity/life-sim-v1/pre.html,https://mathlib-cdn1.calcmath.workers.dev/thumbnails/3163.webp,200,casual
3164,Cs Online,https://classroomlesson.github.io/basic-ruffle-player/html/cs_online/index.html,https://mathlib-cdn1.calcmath.workers.dev/thumbnails/3164.webp,200,shooter
3165,Checkout Frenzy,https://db2.duckmath.org/2025/unity/checkout-frenzy/pre.html,https://mathlib-cdn1.calcmath.workers.dev/thumbnails/3165.webp,200,casual
3166,Davo,https://db2.duckmath.org/2025/construct/302/davo/pre.html,https://mathlib-cdn1.calcmath.workers.dev/thumbnails/3166.webp,200,casual
3167,Fps Strike,https://db2.duckmath.org/2024/unity2/fps-strike/pre.html,https://mathlib-cdn1.calcmath.workers.dev/thumbnails/3167.webp,200,shooter
3168,Bob The Robber 4,https://classroomlesson.github.io/basic-ruffle-player/html/bob_the_robber_4/index.html,https://mathlib-cdn1.calcmath.workers.dev/thumbnails/3168.webp,200,puzzle
3169,Sprunki,https://db2.duckmath.org/2024/more2/sprunki/pre.html,https://mathlib-cdn1.calcmath.workers.dev/thumbnails/3169.webp,200,casual
3170,Classic Minecraft,https://mathlib-cdn1.calcmath.workers.dev/geet-activities/classic-minecraft/index.html,https://mathlib-cdn1.calcmath.workers.dev/thumbnails/3170.webp,200,platformer
3171,Learn 2 Fly 2,https://classroomlesson.github.io/basic-ruffle-player/html/learn_to_fly_2/index.html,https://mathlib-cdn1.calcmath.workers.dev/thumbnails/3171.webp,200,sports
3172,Playground Latest Version,https://classroomlesson.github.io/basic-ruffle-player/html/playground_latest_version/index.html,https://mathlib-cdn1.calcmath.workers.dev/thumbnails/3172.jpg,200,adventure
3173,Fish It,https://classroomlesson.github.io/basic-ruffle-player/html/fish_it/index.html,https://mathlib-cdn1.calcmath.workers.dev/thumbnails/3173.jpg,200,sports
3174,Drift Rider,https://db2.duckmath.org/2023/unity3/drift-rider/pre.html,https://mathlib-cdn1.calcmath.workers.dev/thumbnails/3174.webp,200,racing
3175,Fast Food Rush,https://db2.duckmath.org/2025/unity/fast-food-rush/pre.html,https://mathlib-cdn1.calcmath.workers.dev/thumbnails/3175.webp,200,adventure
3176,Doom 1,https://classroomlesson.github.io/basic-ruffle-player/html/doom_1/index.html,https://mathlib-cdn1.calcmath.workers.dev/thumbnails/3176.webp,200,horror
3177,Geometry Escape,https://db2.duckmath.org/2024/construct/299/geometry-escape/pre.html,https://mathlib-cdn1.calcmath.workers.dev/thumbnails/3177.webp,200,puzzle
3178,Cheese Chompers 3D,https://classroomlesson.github.io/basic-ruffle-player/html/cheese_chompers_3d/index.html,https://mathlib-cdn1.calcmath.workers.dev/thumbnails/3178.webp,200,platformer
3179,Poppy Playtime,https://db2.duckmath.org/2026/more/poppy-playtime/pre.html,https://mathlib-cdn1.calcmath.workers.dev/thumbnails/3179.webp,200,horror
3180,Fnf Garcello,https://db2.duckmath.org/2024/cube/fnf-garcello/pre.html,https://mathlib-cdn1.calcmath.workers.dev/thumbnails/3180.webp,200,casual
3181,Battle Simulator,https://classroomlesson.github.io/basic-ruffle-player/html/battle_simulator/index.html,https://mathlib-cdn1.calcmath.workers.dev/thumbnails/3181.webp,200,action
3182,Time Shooter Swat,https://classroomlesson.github.io/basic-ruffle-player/html/time_shooter_swat/index.html,https://mathlib-cdn1.calcmath.workers.dev/thumbnails/3182.webp,200,shooter
3183,Cs Surf,https://scratch.mit.edu/projects/159243389/embed,https://mathlib-cdn1.calcmath.workers.dev/thumbnails/3183.webp,200,shooter
3184,Staggering Beauty,https://classroomlesson.github.io/basic-ruffle-player/html/staggering_beauty/index.html,https://mathlib-cdn1.calcmath.workers.dev/thumbnails/3184.webp,200,casual
3185,We Become What We Behold,https://db2.duckmath.org/2024/more/we-become-what-we-behold/pre.html,https://mathlib-cdn1.calcmath.workers.dev/thumbnails/3185.webp,200,idle
3186,Madalin Stunt Cars Pro,https://db2.duckmath.org/2023/unity/madalin-stunt-cars-pro/pre.html,https://mathlib-cdn1.calcmath.workers.dev/thumbnails/3186.webp,200,racing
3187,Fps Simulator,https://db2.duckmath.org/2023/unity3/fps-simulator/pre.html,https://mathlib-cdn1.calcmath.workers.dev/thumbnails/3187.webp,200,shooter
3188,Fire And Water,https://db2.duckmath.org/2023/construct/179/fire-and-water/pre.html,https://mathlib-cdn1.calcmath.workers.dev/thumbnails/3188.webp,200,platformer
3189,Penalty King,https://db2.duckmath.org/2024/q2/penalty-king/pre.html,https://mathlib-cdn1.calcmath.workers.dev/thumbnails/3189.webp,200,sports
3190,Cross Roads,https://db2.duckmath.org/2023/unity/cross-the-road/pre.html,https://mathlib-cdn1.calcmath.workers.dev/thumbnails/3190.webp,200,platformer
3191,Deepest Sword,https://classroomlesson.github.io/basic-ruffle-player/html/deepest_sword/index.html,https://mathlib-cdn1.calcmath.workers.dev/thumbnails/3191.webp,200,platformer
3192,Car Football,https://classroomlesson.github.io/basic-ruffle-player/html/car_football/index.html,https://mathlib-cdn1.calcmath.workers.dev/thumbnails/3192.webp,200,sports
3193,Archer Hero,https://db2.duckmath.org/2023/unity/archer-hero/pre.html,https://mathlib-cdn1.calcmath.workers.dev/thumbnails/3193.webp,200,adventure
3194,Ovo Multiplayer,https://db2.duckmath.org/2025/html/ovo-online/pre.html,https://mathlib-cdn1.calcmath.workers.dev/thumbnails/3194.webp,200,platformer
3195,Rally Point,https://classroomlesson.github.io/basic-ruffle-player/html/rally_point/index.html,https://mathlib-cdn1.calcmath.workers.dev/thumbnails/3195.webp,200,racing
3196,Burnout City,https://db2.duckmath.org/2024/unity/burnout-city/pre.html,https://mathlib-cdn1.calcmath.workers.dev/thumbnails/3196.webp,200,racing
3197,Block Blast,https://db2.duckmath.org/2024/unity3/block-blast/pre.html,https://mathlib-cdn1.calcmath.workers.dev/thumbnails/3197.webp,200,puzzle
3198,Duck Life 3,https://classroomlesson.github.io/basic-ruffle-player/html/duck_life_3/index.html,https://mathlib-cdn1.calcmath.workers.dev/thumbnails/3198.webp,200,sports
3199,Highway Moto,https://db2.duckmath.org/2024/unity/highway-moto/pre.html,https://mathlib-cdn1.calcmath.workers.dev/thumbnails/3199.webp,200,racing
3200,Papas Pizzeria,https://classroomlesson.github.io/basic-ruffle-player/html/papaspizzeria/index.html,https://mathlib-cdn1.calcmath.workers.dev/thumbnails/3200.webp,200,idle
3201,Fall Brainrots,https://db2.duckmath.org/2026/unity/fall-brainrots/pre.html,https://mathlib-cdn1.calcmath.workers.dev/thumbnails/3201.webp,200,action
3202,Simply Up,https://classroomlesson.github.io/basic-ruffle-player/html/simply_up/index.html,https://mathlib-cdn1.calcmath.workers.dev/thumbnails/3202.webp,200,platformer
3203,Orb Farm,https://classroomlesson.github.io/basic-ruffle-player/html/orb_farm/index.html,https://mathlib-cdn1.calcmath.workers.dev/thumbnails/3203.webp,200,idle
3204,Idle Dev Startup,https://classroomlesson.github.io/basic-ruffle-player/html/idle_dev_startup/index.html,https://mathlib-cdn1.calcmath.workers.dev/thumbnails/3204.webp,200,idle
3205,Blumgi Racers,https://classroomlesson.github.io/basic-ruffle-player/html/blumgi_racers/index.html,https://mathlib-cdn1.calcmath.workers.dev/thumbnails/3205.webp,200,platformer
3206,Penalty Challenge,https://db2.duckmath.org/2023/code/penalty-challenge/pre.html,https://mathlib-cdn1.calcmath.workers.dev/thumbnails/3206.webp,200,sports
3207,Jacksmith,https://classroomlesson.github.io/basic-ruffle-player/html/jacksmith/index.html,https://mathlib-cdn1.calcmath.workers.dev/thumbnails/3207.webp,200,adventure
3208,Discus,https://classroomlesson.github.io/basic-ruffle-player/html/discus/index.html,https://mathlib-cdn1.calcmath.workers.dev/thumbnails/3208.webp,200,sports
3209,Apple Knight Mini Dungeons,https://classroomlesson.github.io/basic-ruffle-player/html/apple_knight_mini_dungeons/index.html,https://mathlib-cdn1.calcmath.workers.dev/thumbnails/3209.webp,200,platformer
3210,Pixelmon Town,https://db2.duckmath.org/2025/html/pixelmon-town/pre.html,https://mathlib-cdn1.calcmath.workers.dev/thumbnails/3210.webp,200,casual
3211,Bffs Black Friday Collection,https://db2.duckmath.org/2024/fabbox/bffs-black-friday-collection/pre.html,https://mathlib-cdn1.calcmath.workers.dev/thumbnails/3211.webp,200,casual
3212,Nova Craft,https://classroomlesson.github.io/basic-ruffle-player/html/nova_craft/index.html,https://mathlib-cdn1.calcmath.workers.dev/thumbnails/3212.webp,200,puzzle
3213,Fortnite Z,https://turbowarp.org/404950182/embed,https://mathlib-cdn1.calcmath.workers.dev/thumbnails/3213.webp,200,horror
3214,Archer Master 3D Castle Defender,https://classroomlesson.github.io/basic-ruffle-player/html/archer_master_3d_castle_defender/index.html,https://mathlib-cdn1.calcmath.workers.dev/thumbnails/3214.webp,200,sports
3215,Paper Minecraft,https://mathlib-cdn1.calcmath.workers.dev/geet-activities/paper-minecraft/index.html,https://mathlib-cdn1.calcmath.workers.dev/thumbnails/3215.webp,200,platformer
3216,Highway Driver,https://db2.duckmath.org/2024/unity2/highway-driver/pre.html,https://mathlib-cdn1.calcmath.workers.dev/thumbnails/3216.webp,200,racing
3217,Street Fighter,https://classroomlesson.github.io/basic-ruffle-player/html/street_fighter/index.html,https://mathlib-cdn1.calcmath.workers.dev/thumbnails/3217.webp,200,action
3218,Little Alchemy 2,https://classroomlesson.github.io/basic-ruffle-player/html/little_alchemy_2/index.html,https://mathlib-cdn1.calcmath.workers.dev/thumbnails/3218.webp,200,puzzle
3219,Blocky Combat Swat,https://db2.duckmath.org/2023/unity3/blocky-combat-swat/pre.html,https://mathlib-cdn1.calcmath.workers.dev/thumbnails/3219.webp,200,horror
3220,Super Car Driving,https://db2.duckmath.org/2024/unity2/super-car-driving/pre.html,https://mathlib-cdn1.calcmath.workers.dev/thumbnails/3220.webp,200,racing
3221,Cat Simulator,https://db2.duckmath.org/2022/unity4/cat-simulator/pre.html,https://mathlib-cdn1.calcmath.workers.dev/thumbnails/3221.webp,200,casual
3222,Simple Loot Idle,https://db2.duckmath.org/2024/gm/games3/simple-loot-idle/pre.html,https://mathlib-cdn1.calcmath.workers.dev/thumbnails/3222.webp,200,idle
3223,Stunt Rider,https://db2.duckmath.org/2024/unity/stunt-rider/pre.html,https://mathlib-cdn1.calcmath.workers.dev/thumbnails/3223.webp,200,racing
3224,Jasmine Beauty Salon,https://db2.duckmath.org/2021/2/jasmine-beauty-salon/pre.html,https://mathlib-cdn1.calcmath.workers.dev/thumbnails/3224.webp,200,casual
3225,Armed Forces Io,https://db2.duckmath.org/2021/unity3/armedforces-io/pre.html,https://mathlib-cdn1.calcmath.workers.dev/thumbnails/3225.webp,200,io
3226,Rocket Hero Clicker,https://db2.duckmath.org/2025/unity4/rocket-hero-clicker/pre.html,https://mathlib-cdn1.calcmath.workers.dev/thumbnails/3226.webp,200,idle
3227,Highway Racer Pro,https://db2.duckmath.org/2024/unity/highway-racer-pro/pre.html,https://mathlib-cdn1.calcmath.workers.dev/thumbnails/3227.webp,200,racing
3228,Basket Hoop,https://db2.duckmath.org/2024/construct/311/basket-hoop/pre.html,https://mathlib-cdn1.calcmath.workers.dev/thumbnails/3228.webp,200,sports
3229,Crazy Karts,https://classroomlesson.github.io/basic-ruffle-player/html/crazy_karts/index.html,https://mathlib-cdn1.calcmath.workers.dev/thumbnails/3229.webp,200,racing
3230,Ado Cars Drifter,https://db2.duckmath.org/2023/unity3/ado-cars-drifter/pre.html,https://mathlib-cdn1.calcmath.workers.dev/thumbnails/3230.webp,200,racing
3231,Swords And Souls,https://db2.duckmath.org/2024/flash/swords-and-souls/pre.html,https://mathlib-cdn1.calcmath.workers.dev/thumbnails/3231.webp,200,action
3232,Crazy Christmas 3D,https://db2.duckmath.org/2025/unity3/crazy-christmas-3d/pre.html,https://mathlib-cdn1.calcmath.workers.dev/thumbnails/3232.webp,200,adventure
3233,Secret Sniper Agent,https://db2.duckmath.org/2022/construct/129/secret-sniper-agent/pre.html,https://mathlib-cdn1.calcmath.workers.dev/thumbnails/3233.webp,200,shooter
3234,Mini Golf,https://classroomlesson.github.io/basic-ruffle-player/html/mini_golf/index.html,https://mathlib-cdn1.calcmath.workers.dev/thumbnails/3234.webp,200,sports
3235,Axis Football League,https://db2.duckmath.org/2024/flash/axis-football-league/pre.html,https://mathlib-cdn1.calcmath.workers.dev/thumbnails/3235.webp,200,sports
3236,Hero Dragon Power,https://db2.duckmath.org/2023/unity/hero-dragon-power/pre.html,https://mathlib-cdn1.calcmath.workers.dev/thumbnails/3236.webp,200,adventure
3237,Wheres My Water,https://classroomlesson.github.io/basic-ruffle-player/html/where_is_the_water/index.html,https://mathlib-cdn1.calcmath.workers.dev/thumbnails/3237.webp,200,puzzle
3238,Drift Fury,https://db2.duckmath.org/2023/unity/drift-fury/pre.html,https://mathlib-cdn1.calcmath.workers.dev/thumbnails/3238.webp,200,racing
3239,Duck Life 5,https://classroomlesson.github.io/basic-ruffle-player/html/duck_life_5/index.html,https://mathlib-cdn1.calcmath.workers.dev/thumbnails/3239.webp,200,platformer
3240,Duck Life 2,https://classroomlesson.github.io/basic-ruffle-player/html/duck_life_2/index.html,https://mathlib-cdn1.calcmath.workers.dev/thumbnails/3240.webp,200,sports
3241,Car Stunt King,https://db2.duckmath.org/2024/unity/car-stunt-king/pre.html,https://mathlib-cdn1.calcmath.workers.dev/thumbnails/3241.webp,200,racing
3242,House Painter,https://db2.duckmath.org/2023/construct/238/house-painter/pre.html,https://mathlib-cdn1.calcmath.workers.dev/thumbnails/3242.webp,200,puzzle
3243,Ducklingsio,https://classroomlesson.github.io/basic-ruffle-player/html/ducklingsio/index.html,https://mathlib-cdn1.calcmath.workers.dev/thumbnails/3243.webp,200,io
3244,Mini Shooters,https://classroomlesson.github.io/basic-ruffle-player/html/mini_shooters/index.html,https://mathlib-cdn1.calcmath.workers.dev/thumbnails/3244.webp,200,shooter
3245,Deer Hunter,https://db2.duckmath.org/2021/1/deer-hunter/pre.html,https://mathlib-cdn1.calcmath.workers.dev/thumbnails/3245.webp,200,casual
3246,Storm The House 2,https://classroomlesson.github.io/basic-ruffle-player/html/storm_the_house_2/index.html,https://mathlib-cdn1.calcmath.workers.dev/thumbnails/3246.webp,200,shooter
3247,Draw The Bridge,https://classroomlesson.github.io/basic-ruffle-player/html/draw_the_bridge/index.html,https://mathlib-cdn1.calcmath.workers.dev/thumbnails/3247.webp,200,puzzle
3248,Dreamlike Room,https://db2.duckmath.org/2024/code/dreamlike-room/pre.html,https://mathlib-cdn1.calcmath.workers.dev/thumbnails/3248.webp,200,casual
3249,Agent Smith,https://db2.duckmath.org/2021/unity/agent-smith/pre.html,https://mathlib-cdn1.calcmath.workers.dev/thumbnails/3249.webp,200,adventure
3250,Supercars Drift,https://db2.duckmath.org/2023/unity3/supercars-drift/pre.html,https://mathlib-cdn1.calcmath.workers.dev/thumbnails/3250.webp,200,racing
3251,Drift City,https://db2.duckmath.org/2024/gm/games2/drift-city/pre.html,https://mathlib-cdn1.calcmath.workers.dev/thumbnails/3251.webp,200,racing
3252,Basketball King,https://db2.duckmath.org/2024/construct/316/basketball-king/pre.html,https://mathlib-cdn1.calcmath.workers.dev/thumbnails/3252.webp,200,sports
3253,Dark Forest Idle,https://db2.duckmath.org/2024/godot/dark-forest-idle/pre.html,https://mathlib-cdn1.calcmath.workers.dev/thumbnails/3253.webp,200,idle
3254,Among Impostor,https://db2.duckmath.org/2023/construct/234/among-impostor/pre.html,https://mathlib-cdn1.calcmath.workers.dev/thumbnails/3254.webp,200,adventure
3255,Uno Online,https://db2.duckmath.org/2022/unity4/uno-online/pre.html,https://mathlib-cdn1.calcmath.workers.dev/thumbnails/3255.webp,200,action
3256,Burnout Drift Hunter,https://db2.duckmath.org/2022/unity4/burnout-drift-hunter/pre.html,https://mathlib-cdn1.calcmath.workers.dev/thumbnails/3256.webp,200,racing
3257,Storm The House 3,https://classroomlesson.github.io/basic-ruffle-player/html/stormthehouse3/index.html,https://mathlib-cdn1.calcmath.workers.dev/thumbnails/3257.webp,200,strategy
3258,Tractor Farming Simulator,https://db2.duckmath.org/2022/unity/tractor-farming-simulator/pre.html,https://mathlib-cdn1.calcmath.workers.dev/thumbnails/3258.webp,200,racing
3259,Stickman Peacekeeper,https://classroomlesson.github.io/basic-ruffle-player/html/stickman_peacekeeper/index.html?kiz10,https://mathlib-cdn1.calcmath.workers.dev/thumbnails/3259.webp,200,shooter
3260,Potty Racers 2,https://classroomlesson.github.io/basic-ruffle-player/html/pottyracers2/index.html,https://mathlib-cdn1.calcmath.workers.dev/thumbnails/3260.webp,200,racing
3261,Basketball Slam Dunk,https://db2.duckmath.org/2021/unity2/basketball-slam-dunk/pre.html,https://mathlib-cdn1.calcmath.workers.dev/thumbnails/3261.webp,200,sports
3262,Marble Skies,https://classroomlesson.github.io/basic-ruffle-player/html/marble_skies/index.html,https://mathlib-cdn1.calcmath.workers.dev/thumbnails/3262.webp,200,platformer
3263,Funny Shooter Bro,https://db2.duckmath.org/2024/unity/funny-shooter-bro/pre.html,https://mathlib-cdn1.calcmath.workers.dev/thumbnails/3263.webp,200,shooter
3264,Math Duck,https://classroomlesson.github.io/basic-ruffle-player/html/math_duck/index.html,https://mathlib-cdn1.calcmath.workers.dev/thumbnails/3264.webp,200,platformer
3265,Alien Sky Invasion,https://db2.duckmath.org/2021/unity3/alien-sky-invasion/pre.html,https://mathlib-cdn1.calcmath.workers.dev/thumbnails/3265.webp,200,adventure
3266,Head Ball Online,https://db2.duckmath.org/2024/unity2/head-ball-online/pre.html,https://mathlib-cdn1.calcmath.workers.dev/thumbnails/3266.webp,200,sports
3267,City Stunts,https://db2.duckmath.org/2023/unity3/city-stunts/pre.html,https://mathlib-cdn1.calcmath.workers.dev/thumbnails/3267.webp,200,racing
3268,Burnout Racers,https://db2.duckmath.org/2024/unity/burnout-racers/pre.html,https://mathlib-cdn1.calcmath.workers.dev/thumbnails/3268.webp,200,racing
3269,F1 Drift Racer,https://db2.duckmath.org/2022/construct/134/f1-drift-racer/pre.html,https://mathlib-cdn1.calcmath.workers.dev/thumbnails/3269.webp,200,racing
3270,Ultimate Moto,https://db2.duckmath.org/2021/2/ultimate-moto/pre.html,https://mathlib-cdn1.calcmath.workers.dev/thumbnails/3270.webp,200,racing
3271,Cat Miner 2,https://scratch.mit.edu/projects/351793769/embed,https://mathlib-cdn1.calcmath.workers.dev/thumbnails/3271.webp,200,idle
3272,Rooftop Duel,https://db2.duckmath.org/2025/construct/213/rooftop-duel/pre.html,https://mathlib-cdn1.calcmath.workers.dev/thumbnails/3272.webp,200,idle
3273,Yeti Sensation,https://classroomlesson.github.io/basic-ruffle-player/html/yeti_sensation/gabe.html,https://mathlib-cdn1.calcmath.workers.dev/thumbnails/3273.webp,200,platformer
3274,Crown Defense,https://db2.duckmath.org/2025/construct/337/crown-defense/pre.html,https://mathlib-cdn1.calcmath.workers.dev/thumbnails/3274.webp,200,adventure
3275,8 Ball Pool Billiard,https://db2.duckmath.org/2022/unity3/8-ball-pool-billiard/pre.html,https://mathlib-cdn1.calcmath.workers.dev/thumbnails/3275.webp,200,strategy
3276,Hero Rush Tower Defense,https://db2.duckmath.org/2023/unity/hero-rush-tower-defense/pre.html,https://mathlib-cdn1.calcmath.workers.dev/thumbnails/3276.webp,200,strategy
3277,Fall Boys,https://db2.duckmath.org/2023/unity3/fall-boys/pre.html,https://mathlib-cdn1.calcmath.workers.dev/thumbnails/3277.webp,200,racing
3278,Cargo Jeep Racing,https://db2.duckmath.org/2021/4/cargo-jeep-racing/pre.html,https://mathlib-cdn1.calcmath.workers.dev/thumbnails/3278.webp,200,racing
3279,Vapor Trails,https://classroomlesson.github.io/basic-ruffle-player/html/vapor_trails/index.html,https://mathlib-cdn1.calcmath.workers.dev/thumbnails/3279.webp,200,platformer
3280,Crazy Stickman Physics,https://db2.duckmath.org/2023/construct/185/crazy-stickman-physics/pre.html,https://mathlib-cdn1.calcmath.workers.dev/thumbnails/3280.webp,200,casual
3281,Fun Party Makeup,https://db2.duckmath.org/2021/4/fun-party-makeup/pre.html,https://mathlib-cdn1.calcmath.workers.dev/thumbnails/3281.webp,200,casual
3282,Run 1,https://db2.duckmath.org/2024/flash/run-1/pre.html,https://mathlib-cdn1.calcmath.workers.dev/thumbnails/3282.webp,200,platformer
3283,Tiny Castle,https://classroomlesson.github.io/basic-ruffle-player/html/tinycastle/index.html,https://mathlib-cdn1.calcmath.workers.dev/thumbnails/3283.webp,200,platformer
3284,Pizza Party,https://classroomlesson.github.io/basic-ruffle-player/html/pizza_party/index.html,https://mathlib-cdn1.calcmath.workers.dev/thumbnails/3284.webp,200,idle
3285,Nova Clicker,https://db2.duckmath.org/2024/construct/314/nova-clicker/pre.html,https://mathlib-cdn1.calcmath.workers.dev/thumbnails/3285.webp,200,idle
3286,Super Mini Racing,https://db2.duckmath.org/2022/unity4/super-mini-racing/pre.html,https://mathlib-cdn1.calcmath.workers.dev/thumbnails/3286.webp,200,racing
3287,Super Mario Defense,https://classroomlesson.github.io/basic-ruffle-player/html/super_mario_defense/index.html,https://mathlib-cdn1.calcmath.workers.dev/thumbnails/3287.webp,200,platformer
3288,Cube Worlds,https://db2.duckmath.org/2025/html/cube-worlds/pre.html,https://mathlib-cdn1.calcmath.workers.dev/thumbnails/3288.webp,200,adventure
3289,Egg Car Racing,https://db2.duckmath.org/2024/construct/289/egg-car-racing/pre.html,https://mathlib-cdn1.calcmath.workers.dev/thumbnails/3289.webp,200,racing
3290,Supermarket Simulator,https://db2.duckmath.org/2025/unity/supermarket-simulator/pre.html,https://mathlib-cdn1.calcmath.workers.dev/thumbnails/3290.webp,200,casual
3291,Hexa Puzzle,https://db2.duckmath.org/2024/unity2/hexa-puzzle/pre.html,https://mathlib-cdn1.calcmath.workers.dev/thumbnails/3291.webp,200,puzzle
3292,Kingdom Attack,https://db2.duckmath.org/2021/unity3/kingdom-attack/pre.html,https://mathlib-cdn1.calcmath.workers.dev/thumbnails/3292.webp,200,strategy
3293,Subway Idle 3D,https://db2.duckmath.org/2022/unity4/subway-idle-3d/pre.html,https://mathlib-cdn1.calcmath.workers.dev/thumbnails/3293.webp,200,idle
3294,Squad Shooter,https://db2.duckmath.org/2024/unity2/squad-shooter/pre.html,https://mathlib-cdn1.calcmath.workers.dev/thumbnails/3294.webp,200,shooter
3295,Storm The House,https://classroomlesson.github.io/basic-ruffle-player/html/stormthehouse/index.html,https://mathlib-cdn1.calcmath.workers.dev/thumbnails/3295.webp,200,strategy
3296,Endless Lake,https://classroomlesson.github.io/basic-ruffle-player/html/endless_lake/index.html,https://mathlib-cdn1.calcmath.workers.dev/thumbnails/3296.webp,200,platformer
3297,Kawai Run 2,https://classroomlesson.github.io/basic-ruffle-player/html/kawai_run_2_offline/index.html,https://mathlib-cdn1.calcmath.workers.dev/thumbnails/3297.webp,200,platformer
3298,Neon Moto Driver,https://db2.duckmath.org/2022/construct/138/neon-moto-driver/pre.html,https://mathlib-cdn1.calcmath.workers.dev/thumbnails/3298.webp,200,racing
3299,Digital Museum,https://noclip.website,https://mathlib-cdn1.calcmath.workers.dev/thumbnails/3299.webp,200,casual
3300,Doggo Clicker,https://db2.duckmath.org/2024/gm/games4/doggo-clicker/pre.html,https://mathlib-cdn1.calcmath.workers.dev/thumbnails/3300.webp,200,idle
3301,Bloonstd 3,https://classroomlesson.github.io/basic-ruffle-player/html/bloonstd3/index.html,https://mathlib-cdn1.calcmath.workers.dev/thumbnails/3301.webp,200,strategy
3302,Bloonstd 2,https://classroomlesson.github.io/basic-ruffle-player/html/bloonstd2/index.html,https://mathlib-cdn1.calcmath.workers.dev/thumbnails/3302.webp,200,action
3303,Diggy,https://db2.duckmath.org/2024/flash/diggy/pre.html,https://mathlib-cdn1.calcmath.workers.dev/thumbnails/3303.webp,200,casual
3304,Stick Guys Defense,https://db2.duckmath.org/2022/unity3/stick-guys-defense/pre.html,https://mathlib-cdn1.calcmath.workers.dev/thumbnails/3304.webp,200,strategy
3305,Classicube,https://db2.duckmath.org/2024/cube/classicube/pre.html,https://mathlib-cdn1.calcmath.workers.dev/thumbnails/3305.webp,200,casual
3306,Tank Arena,https://db2.duckmath.org/2025/construct/293/tank-arena/pre.html,https://mathlib-cdn1.calcmath.workers.dev/thumbnails/3306.webp,200,action
3307,Conquer Kingdoms,https://db2.duckmath.org/2025/unity/conquer-kingdoms/pre.html,https://mathlib-cdn1.calcmath.workers.dev/thumbnails/3307.webp,200,adventure
3308,Wheres My Pizza,https://db2.duckmath.org/2024/wix/wheres-my-pizza/pre.html,https://mathlib-cdn1.calcmath.workers.dev/thumbnails/3308.webp,200,adventure
3309,Mini Cars Racing,https://db2.duckmath.org/2021/unity/mini-cars-racing/pre.html,https://mathlib-cdn1.calcmath.workers.dev/thumbnails/3309.webp,200,racing
3310,Cool Game,https://classroomlesson.github.io/basic-ruffle-player/html/heck_sucker/index.html,https://mathlib-cdn1.calcmath.workers.dev/thumbnails/3310.webp,200,racing
3311,Grand Prix Multiplication,https://classroomlesson.github.io/basic-ruffle-player/html/grand_prix_multiplication/index.html,https://mathlib-cdn1.calcmath.workers.dev/thumbnails/3311.webp,200,racing
3312,2 Player Crazy Racer,https://db2.duckmath.org/2022/unity3/2-player-crazy-racer/pre.html,https://mathlib-cdn1.calcmath.workers.dev/thumbnails/3312.webp,200,racing
3313,Car Parkour,https://db2.duckmath.org/2022/construct/163/car-parkour/pre.html,https://mathlib-cdn1.calcmath.workers.dev/thumbnails/3313.webp,200,platformer
3314,American Touchdown,https://db2.duckmath.org/2021/unity3/american-touchdown/pre.html,https://mathlib-cdn1.calcmath.workers.dev/thumbnails/3314.webp,200,sports
3315,Awesome Pirates,https://db2.duckmath.org/2024/flash/awesome-pirates/pre.html,https://mathlib-cdn1.calcmath.workers.dev/thumbnails/3315.webp,200,action
3316,Snake Wars,https://db2.duckmath.org/2024/unity/snake-wars/pre.html,https://mathlib-cdn1.calcmath.workers.dev/thumbnails/3316.webp,200,casual
3317,Stunt Simulator 2,https://db2.duckmath.org/2021/unity3/stunt-simulator-2/pre.html,https://mathlib-cdn1.calcmath.workers.dev/thumbnails/3317.webp,200,racing
3318,Head Basketball,https://db2.duckmath.org/2022/unity/head-basketball/pre.html,https://mathlib-cdn1.calcmath.workers.dev/thumbnails/3318.webp,200,sports
3319,Kingdom Battle 3D,https://db2.duckmath.org/2025/unity2/kingdom-battle-3d/pre.html,https://mathlib-cdn1.calcmath.workers.dev/thumbnails/3319.webp,200,strategy
3320,Xtreme Paintball Wars,https://db2.duckmath.org/2023/unity2/xtreme-paintball-wars/pre.html,https://mathlib-cdn1.calcmath.workers.dev/thumbnails/3320.webp,200,adventure
3321,Kawaii Shooter,https://db2.duckmath.org/2024/unity/kawaii-shooter/pre.html,https://mathlib-cdn1.calcmath.workers.dev/thumbnails/3321.webp,200,shooter
3322,Farming Island,https://db2.duckmath.org/2025/unity/farming-island/pre.html,https://mathlib-cdn1.calcmath.workers.dev/thumbnails/3322.webp,200,puzzle
3323,Cobraz Io Classic,https://db2.duckmath.org/2022/unity/cobraz-io-classic/pre.html,https://mathlib-cdn1.calcmath.workers.dev/thumbnails/3323.webp,200,io
3324,Find It,https://db2.duckmath.org/2025/unity/find-it/pre.html,https://mathlib-cdn1.calcmath.workers.dev/thumbnails/3324.webp,200,adventure
3325,Mafia Getaway Cars,https://db2.duckmath.org/2025/construct/298/mafia-getaway-cars/pre.html,https://mathlib-cdn1.calcmath.workers.dev/thumbnails/3325.webp,200,open-world
3326,Neighborhood Defense,https://classroomlesson.github.io/basic-ruffle-player/html/neighborhood_defense/index.html,https://mathlib-cdn1.calcmath.workers.dev/thumbnails/3326.webp,200,horror
3327,Speedrun Parkour,https://db2.duckmath.org/2022/construct/145/speedrun-parkour/pre.html,https://mathlib-cdn1.calcmath.workers.dev/thumbnails/3327.webp,200,platformer
3328,Hover Racer Pro,https://db2.duckmath.org/2021/unity/hover-racer-pro/pre.html,https://mathlib-cdn1.calcmath.workers.dev/thumbnails/3328.webp,200,racing
3329,Mini Zombie Shooters,https://db2.duckmath.org/2022/construct/162/mini-zombie-shooters/pre.html,https://mathlib-cdn1.calcmath.workers.dev/thumbnails/3329.webp,200,horror
3330,Powerslide Kart Simulator,https://db2.duckmath.org/2022/unity3/powerslide-kart-simulator/pre.html,https://mathlib-cdn1.calcmath.workers.dev/thumbnails/3330.webp,200,racing
3331,Run 3 Space,https://db2.duckmath.org/2023/construct/192/run-3-space/pre.html,https://mathlib-cdn1.calcmath.workers.dev/thumbnails/3331.webp,200,platformer
3332,War Of Ships Io,https://db2.duckmath.org/2022/unity3/war-of-ships-io/pre.html,https://mathlib-cdn1.calcmath.workers.dev/thumbnails/3332.webp,200,io
3333,Crazy Moto Racing,https://db2.duckmath.org/2022/unity3/crazy-moto-racing/pre.html,https://mathlib-cdn1.calcmath.workers.dev/thumbnails/3333.webp,200,racing
3334,Freeway Fury 2,https://classroomlesson.github.io/basic-ruffle-player/html/freewayfury2/index.html,https://mathlib-cdn1.calcmath.workers.dev/thumbnails/3334.webp,200,racing
3335,The Farmer,https://db2.duckmath.org/2022/unity/the-farmer/pre.html,https://mathlib-cdn1.calcmath.workers.dev/thumbnails/3335.webp,200,casual
3336,Survival Craft,https://mathlib-cdn1.calcmath.workers.dev/geet-activities/survival-craft/index.html,https://mathlib-cdn1.calcmath.workers.dev/thumbnails/3336.webp,200,casual
3337,Survival Island,https://db2.duckmath.org/2024/unity2/survival-island/pre.html,https://mathlib-cdn1.calcmath.workers.dev/thumbnails/3337.webp,200,casual
3338,Rogue Soul 2,https://db2.duckmath.org/2024/flash/rogue-soul-2/pre.html,https://mathlib-cdn1.calcmath.workers.dev/thumbnails/3338.webp,200,casual
3339,Dont Fall Io,https://db2.duckmath.org/2021/unity/dont-fall-io/pre.html,https://mathlib-cdn1.calcmath.workers.dev/thumbnails/3339.webp,200,io
3340,Age Of Battle,https://db2.duckmath.org/2026/unity/age-of-battle/pre.html,https://mathlib-cdn1.calcmath.workers.dev/thumbnails/3340.webp,200,action
3341,War Simulator,https://db2.duckmath.org/2021/unity2/war-simulator/pre.html,https://mathlib-cdn1.calcmath.workers.dev/thumbnails/3341.webp,200,action
3342,Doom 2D,https://db2.duckmath.org/2024/flash/doom-2d/pre.html,https://mathlib-cdn1.calcmath.workers.dev/thumbnails/3342.webp,200,casual
3343,Paw Clicker,https://db2.duckmath.org/2025/construct/331/paw-clicker/pre.html,https://mathlib-cdn1.calcmath.workers.dev/thumbnails/3343.webp,200,idle
3344,Monster Survivors,https://db2.duckmath.org/2025/unity/monster-survivors/pre.html,https://mathlib-cdn1.calcmath.workers.dev/thumbnails/3344.webp,200,adventure
3345,Veggie Survivors,https://db2.duckmath.org/2025/unity3/veggie-survivors/pre.html,https://mathlib-cdn1.calcmath.workers.dev/thumbnails/3345.webp,200,adventure
3346,Cake Match Puzzle,https://db2.duckmath.org/2024/unity3/cake-match-puzzle/pre.html,https://mathlib-cdn1.calcmath.workers.dev/thumbnails/3346.webp,200,puzzle
3347,Galactic Driver,https://db2.duckmath.org/2022/construct/65/galactic-driver/pre.html,https://mathlib-cdn1.calcmath.workers.dev/thumbnails/3347.webp,200,casual
3348,Bubble Shooter Easy,https://db2.duckmath.org/2024/koz/bubble-shooter-easy/pre.html,https://mathlib-cdn1.calcmath.workers.dev/thumbnails/3348.webp,200,shooter
3349,Paper Planets,https://db2.duckmath.org/2023/unity3/paper-planets/pre.html,https://mathlib-cdn1.calcmath.workers.dev/thumbnails/3349.webp,200,io
3350,Tile Match,https://db2.duckmath.org/2025/unity/tile-match/pre.html,https://mathlib-cdn1.calcmath.workers.dev/thumbnails/3350.webp,200,puzzle
3351,Car Wash,https://db2.duckmath.org/2023/unity2/car-wash/pre.html,https://mathlib-cdn1.calcmath.workers.dev/thumbnails/3351.webp,200,casual
3352,Flappy Circle,https://dives05.github.io/flappyCircle/,https://mathlib-cdn1.calcmath.workers.dev/thumbnails/3352.webp,200,idle
3353,Mahjong,https://db2.duckmath.org/2025/unity/mahjong/pre.html,https://mathlib-cdn1.calcmath.workers.dev/thumbnails/3353.webp,200,casual
3354,Fantasy Tower Defense,https://db2.duckmath.org/2022/unity/fantasy-tower-defense/pre.html,https://mathlib-cdn1.calcmath.workers.dev/thumbnails/3354.webp,200,strategy
3355,The Farmer Craft,https://mathlib-cdn1.calcmath.workers.dev/geet-activities/the-farmer-craft/index.html,https://mathlib-cdn1.calcmath.workers.dev/thumbnails/3355.webp,200,casual
3356,Gold Miner,https://db2.duckmath.org/2024/flash/gold-miner/pre.html,https://mathlib-cdn1.calcmath.workers.dev/thumbnails/3356.webp,200,casual
3357,Hill Climb Cars,https://db2.duckmath.org/2021/3/hill-climb-cars/pre.html,https://mathlib-cdn1.calcmath.workers.dev/thumbnails/3357.webp,200,casual
3358,Soul Essence Adventure,https://db2.duckmath.org/2022/unity2/soul-essence-adventure/pre.html,https://mathlib-cdn1.calcmath.workers.dev/thumbnails/3358.webp,200,adventure
3359,Darkness Survivors,https://db2.duckmath.org/2024/q2/darkness-survivors/pre.html,https://mathlib-cdn1.calcmath.workers.dev/thumbnails/3359.webp,200,adventure
3360,Snake,https://db2.duckmath.org/2024/phaser/snake/pre.html,https://mathlib-cdn1.calcmath.workers.dev/thumbnails/3360.webp,200,casual
3361,Storm City Mafia,https://db2.duckmath.org/2022/unity/storm-city-mafia/pre.html,https://mathlib-cdn1.calcmath.workers.dev/thumbnails/3361.webp,200,open-world
3362,Heist Escape,https://db2.duckmath.org/2022/construct/119/heist-escape/pre.html,https://mathlib-cdn1.calcmath.workers.dev/thumbnails/3362.webp,200,puzzle
3363,Crazy Hill Climb,https://db2.duckmath.org/2023/construct/209/crazy-hill-climb/pre.html,https://mathlib-cdn1.calcmath.workers.dev/thumbnails/3363.webp,200,casual
3364,Train Racing,https://db2.duckmath.org/2022/construct/120/train-racing/pre.html,https://mathlib-cdn1.calcmath.workers.dev/thumbnails/3364.webp,200,racing
3365,Arena Of Heroes,https://db2.duckmath.org/2022/unity/arena-of-heroes/pre.html,https://mathlib-cdn1.calcmath.workers.dev/thumbnails/3365.webp,200,action
3366,Siegius,https://db2.duckmath.org/2024/flash/siegius/pre.html,https://mathlib-cdn1.calcmath.workers.dev/thumbnails/3366.webp,200,casual
3367,Kingdom Rush Frontiers,https://db2.duckmath.org/2024/flash/kingdom-rush-frontiers/pre.html,https://mathlib-cdn1.calcmath.workers.dev/thumbnails/3367.webp,200,strategy
3368,Diver Down,https://db2.duckmath.org/2024/godot/diver-down/pre.html,https://mathlib-cdn1.calcmath.workers.dev/thumbnails/3368.webp,200,platformer
3369,Math Experta,https://db2.duckmath.org/2024/unity2/math-experta/pre.html,https://mathlib-cdn1.calcmath.workers.dev/thumbnails/3369.webp,200,casual
3370,Hook Wars,https://db2.duckmath.org/2023/unity3/hook-wars/pre.html,https://mathlib-cdn1.calcmath.workers.dev/thumbnails/3370.webp,200,adventure
3371,Voxel World,https://db2.duckmath.org/2025/unity/voxel-world/pre.html,https://mathlib-cdn1.calcmath.workers.dev/thumbnails/3371.webp,200,casual
3372,Nova Billiard,https://db2.duckmath.org/2021/unity2/nova-billiard/pre.html,https://mathlib-cdn1.calcmath.workers.dev/thumbnails/3372.webp,200,strategy
3373,Solitaire Adventure,https://db2.duckmath.org/2022/unity4/solitaire-adventure/pre.html,https://mathlib-cdn1.calcmath.workers.dev/thumbnails/3373.webp,200,adventure
3374,Bookworm,https://db2.duckmath.org/2024/flash/bookworm/pre.html,https://mathlib-cdn1.calcmath.workers.dev/thumbnails/3374.webp,200,puzzle
3375,Jewelanche,https://classroomlesson.github.io/basic-ruffle-player/html/jewelanche/index.html,https://mathlib-cdn1.calcmath.workers.dev/thumbnails/3375.webp,200,puzzle
3376,Marco,https://db2.duckmath.org/2023/unity/marco/pre.html,https://mathlib-cdn1.calcmath.workers.dev/thumbnails/3376.webp,200,adventure
4039,Galaga,https://as6730.github.io/Galaga-Rebubbled/,https://mathlib-cdn1.calcmath.workers.dev/thumbnails/4039.webp,200,shooter
4040,Frogger,https://iamwill123.github.io/Frogger-Arcade-Game/game.html,https://mathlib-cdn1.calcmath.workers.dev/thumbnails/4040.webp,200,arcade
4041,Donkey Kong,https://alfredang.github.io/donkey-kong-game/,https://mathlib-cdn1.calcmath.workers.dev/thumbnails/4041.webp,200,platformer
4045,Tank Trouble,https://3kho.github.io/projects/tank-trouble-2/index.html,https://mathlib-cdn1.calcmath.workers.dev/thumbnails/4045.webp,200,action
4051,Frogie Cross The Road,https://mathlib-cdn1.calcmath.workers.dev/activities/frogie-cross-road/index.html,https://mathlib-cdn1.calcmath.workers.dev/thumbnails/frogie-cross-road.png,200,casual
4052,Duck Path,https://mathlib-cdn1.calcmath.workers.dev/activities/duck-path/index.html,https://mathlib-cdn1.calcmath.workers.dev/thumbnails/duck-path.png,200,puzzle
4053,1 Square,https://mathlib-cdn1.calcmath.workers.dev/activities/1-square/index.html,https://mathlib-cdn1.calcmath.workers.dev/thumbnails/1-square.png,200,puzzle
4057,Balloons Creator Game,https://mathlib-cdn1.calcmath.workers.dev/activities/balloons-creator-game/index.html,https://mathlib-cdn1.calcmath.workers.dev/thumbnails/balloons-creator-game.png,200,casual
4058,Basket Goal,https://mathlib-cdn1.calcmath.workers.dev/activities/basket-goal/index.html,https://mathlib-cdn1.calcmath.workers.dev/thumbnails/basket-goal.png,200,sports
4061,Block Tower,https://mathlib-cdn1.calcmath.workers.dev/activities/block-tower/index.html,https://mathlib-cdn1.calcmath.workers.dev/thumbnails/block-tower.png,200,puzzle
4062,Box Kid,https://mathlib-cdn1.calcmath.workers.dev/activities/box-kid/index.html,https://mathlib-cdn1.calcmath.workers.dev/thumbnails/box-kid.png,200,puzzle
4063,Box Wizard,https://mathlib-cdn1.calcmath.workers.dev/activities/box-wizard/index.html,https://mathlib-cdn1.calcmath.workers.dev/thumbnails/box-wizard.png,200,puzzle
4064,Box Wizard 2,https://mathlib-cdn1.calcmath.workers.dev/activities/box-wizard-2/index.html,https://mathlib-cdn1.calcmath.workers.dev/thumbnails/box-wizard-2.png,200,puzzle
4065,Bunny Adventure Game,https://mathlib-cdn1.calcmath.workers.dev/activities/bunny_adventure-game/index.html,https://mathlib-cdn1.calcmath.workers.dev/thumbnails/bunny_adventure-game.png,200,adventure
4066,Cable Connector,https://mathlib-cdn1.calcmath.workers.dev/activities/cable-connector/index.html,https://mathlib-cdn1.calcmath.workers.dev/thumbnails/cable-connector.png,200,puzzle
4067,Candy Leap,https://mathlib-cdn1.calcmath.workers.dev/activities/candy-leap/index.html,https://mathlib-cdn1.calcmath.workers.dev/thumbnails/candy-leap.png,200,arcade
4068,Cats Swap,https://mathlib-cdn1.calcmath.workers.dev/activities/cats-swap/index.html,https://mathlib-cdn1.calcmath.workers.dev/thumbnails/cats-swap.png,200,puzzle
4069,Charge Everything,https://mathlib-cdn1.calcmath.workers.dev/activities/charge-everything/index.html,https://mathlib-cdn1.calcmath.workers.dev/thumbnails/charge-everything.png,200,puzzle
4070,Charlotte Valley,https://mathlib-cdn1.calcmath.workers.dev/activities/charlotte-valley/index.html,https://mathlib-cdn1.calcmath.workers.dev/thumbnails/charlotte-valley.png,200,adventure
4071,Color Circle Puzzle,https://mathlib-cdn1.calcmath.workers.dev/activities/color-circle-puzzle/index.html,https://mathlib-cdn1.calcmath.workers.dev/thumbnails/color-circle-puzzle.png,200,puzzle
4072,Color Cycle,https://mathlib-cdn1.calcmath.workers.dev/activities/color-cycle/index.html,https://mathlib-cdn1.calcmath.workers.dev/thumbnails/color-cycle.png,200,puzzle
4073,Color Hoop Stack,https://mathlib-cdn1.calcmath.workers.dev/activities/color-hoop-stack/index.html,https://mathlib-cdn1.calcmath.workers.dev/thumbnails/color-hoop-stack.png,200,puzzle
4074,Color Me,https://mathlib-cdn1.calcmath.workers.dev/activities/color-me/index.html,https://mathlib-cdn1.calcmath.workers.dev/thumbnails/color-me.png,200,casual
4075,Crazy Gravity,https://mathlib-cdn1.calcmath.workers.dev/activities/crazy-gravity/index.html,https://mathlib-cdn1.calcmath.workers.dev/thumbnails/crazy-gravity.png,200,puzzle
4076,Cut For Cat 2,https://mathlib-cdn1.calcmath.workers.dev/activities/cut-for-cat-2/index.html,https://mathlib-cdn1.calcmath.workers.dev/thumbnails/cut-for-cat-2.png,200,puzzle
4077,Cut Grass,https://mathlib-cdn1.calcmath.workers.dev/activities/cut-grass/index.html,https://mathlib-cdn1.calcmath.workers.dev/thumbnails/cut-grass.png,200,casual
4078,Desert Road Race,https://mathlib-cdn1.calcmath.workers.dev/activities/desert-road-race/index.html,https://mathlib-cdn1.calcmath.workers.dev/thumbnails/desert-road-race.png,200,racing
4079,Dinosaur Puzzle,https://mathlib-cdn1.calcmath.workers.dev/activities/dinosaur-puzzle/index.html,https://mathlib-cdn1.calcmath.workers.dev/thumbnails/dinosaur-puzzle.png,200,puzzle
4080,Doge Blocks Puzzle,https://mathlib-cdn1.calcmath.workers.dev/activities/doge-blocks-puzzle/index.html,https://mathlib-cdn1.calcmath.workers.dev/thumbnails/doge-blocks-puzzle.png,200,puzzle
4081,Dot Puzzle,https://mathlib-cdn1.calcmath.workers.dev/activities/dot-puzzle/index.html,https://mathlib-cdn1.calcmath.workers.dev/thumbnails/dot-puzzle.png,200,puzzle
4082,Draw Parking,https://mathlib-cdn1.calcmath.workers.dev/activities/draw-parking/index.html,https://mathlib-cdn1.calcmath.workers.dev/thumbnails/draw-parking.png,200,casual
4083,Draw Surfer Game,https://mathlib-cdn1.calcmath.workers.dev/activities/draw-surfer-game/index.html,https://mathlib-cdn1.calcmath.workers.dev/thumbnails/draw-surfer-game.png,200,casual
4084,Drift Bus Road,https://mathlib-cdn1.calcmath.workers.dev/activities/drift-bus-road/index.html,https://mathlib-cdn1.calcmath.workers.dev/thumbnails/drift-bus-road.png,200,racing
4085,Dunk Digger,https://mathlib-cdn1.calcmath.workers.dev/activities/dunk-digger/index.html,https://mathlib-cdn1.calcmath.workers.dev/thumbnails/dunk-digger.png,200,sports
4086,Endless Walker,https://mathlib-cdn1.calcmath.workers.dev/activities/endless-walker/index.html,https://mathlib-cdn1.calcmath.workers.dev/thumbnails/endless-walker.png,200,arcade
4087,Escape Kid,https://mathlib-cdn1.calcmath.workers.dev/activities/escape-kid/index.html,https://mathlib-cdn1.calcmath.workers.dev/thumbnails/escape-kid.png,200,adventure
4088,Filled Glass 2,https://mathlib-cdn1.calcmath.workers.dev/activities/filled-glass-2/index.html,https://mathlib-cdn1.calcmath.workers.dev/thumbnails/filled-glass-2.png,200,puzzle
4089,Filled Glass 3,https://mathlib-cdn1.calcmath.workers.dev/activities/filled-glass-3/index.html,https://mathlib-cdn1.calcmath.workers.dev/thumbnails/filled-glass-3.png,200,puzzle
4090,Filled Glass 4,https://mathlib-cdn1.calcmath.workers.dev/activities/filled-glass-4/index.html,https://mathlib-cdn1.calcmath.workers.dev/thumbnails/filled-glass-4.png,200,puzzle
4091,Filled Glass 5,https://mathlib-cdn1.calcmath.workers.dev/activities/filled-glass-5/index.html,https://mathlib-cdn1.calcmath.workers.dev/thumbnails/filled-glass-5.png,200,puzzle
4092,Filled Glass Game,https://mathlib-cdn1.calcmath.workers.dev/activities/filled-glass-game/index.html,https://mathlib-cdn1.calcmath.workers.dev/thumbnails/filled-glass-game.png,200,puzzle
4093,Five Minutes To Escape,https://mathlib-cdn1.calcmath.workers.dev/activities/five-minutes-to-escape/index.html,https://mathlib-cdn1.calcmath.workers.dev/thumbnails/five-minutes-to-escape.png,200,adventure
4094,Fluffy Jelly Cat Game,https://mathlib-cdn1.calcmath.workers.dev/activities/fluffy-jelly-cat-game/index.html,https://mathlib-cdn1.calcmath.workers.dev/thumbnails/fluffy-jelly-cat-game.png,200,casual
4095,Free The Candy,https://mathlib-cdn1.calcmath.workers.dev/activities/free-the-candy/index.html,https://mathlib-cdn1.calcmath.workers.dev/thumbnails/free-the-candy.png,200,puzzle
4097,Fruits Galaxy,https://mathlib-cdn1.calcmath.workers.dev/activities/fruits-galaxy/index.html,https://mathlib-cdn1.calcmath.workers.dev/thumbnails/fruits-galaxy.png,200,arcade
4098,Get The Stars,https://mathlib-cdn1.calcmath.workers.dev/activities/get-the-stars/index.html,https://mathlib-cdn1.calcmath.workers.dev/thumbnails/get-the-stars.png,200,puzzle
4099,Golf Field 1,https://mathlib-cdn1.calcmath.workers.dev/activities/golf-field-1/index.html,https://mathlib-cdn1.calcmath.workers.dev/thumbnails/golf-field-1.png,200,sports
4100,Grab 50 Coins,https://mathlib-cdn1.calcmath.workers.dev/activities/grab-50-coins/index.html,https://mathlib-cdn1.calcmath.workers.dev/thumbnails/grab-50-coins.png,200,arcade
4101,Green Mover,https://mathlib-cdn1.calcmath.workers.dev/activities/green-mover/index.html,https://mathlib-cdn1.calcmath.workers.dev/thumbnails/green-mover.png,200,puzzle
4102,Grid Area Puzzle Quest,https://mathlib-cdn1.calcmath.workers.dev/activities/grid-area-puzzle-quest/index.html,https://mathlib-cdn1.calcmath.workers.dev/thumbnails/grid-area-puzzle-quest.png,200,puzzle
4103,Gyro Forcer,https://mathlib-cdn1.calcmath.workers.dev/activities/gyro-forcer/index.html,https://mathlib-cdn1.calcmath.workers.dev/thumbnails/gyro-forcer.png,200,arcade
4104,Happy Filled Glass 2,https://mathlib-cdn1.calcmath.workers.dev/activities/happy-filled-glass-2/index.html,https://mathlib-cdn1.calcmath.workers.dev/thumbnails/happy-filled-glass-2.png,200,puzzle
4105,Happy Filled Glass 3,https://mathlib-cdn1.calcmath.workers.dev/activities/happy-filled-glass-3/index.html,https://mathlib-cdn1.calcmath.workers.dev/thumbnails/happy-filled-glass-3.png,200,puzzle
4106,Happy Filled Glass 4,https://mathlib-cdn1.calcmath.workers.dev/activities/happy-filled-glass-4/index.html,https://mathlib-cdn1.calcmath.workers.dev/thumbnails/happy-filled-glass-4.png,200,puzzle
4107,Hexa Merge,https://mathlib-cdn1.calcmath.workers.dev/activities/hexa-merge/index.html,https://mathlib-cdn1.calcmath.workers.dev/thumbnails/hexa-merge.png,200,puzzle
4109,Ice Girl Rescue,https://mathlib-cdn1.calcmath.workers.dev/activities/ice-girl-rescue/index.html,https://mathlib-cdn1.calcmath.workers.dev/thumbnails/ice-girl-rescue.png,200,adventure
4110,Impossible 10,https://mathlib-cdn1.calcmath.workers.dev/activities/impossible-10/index.html,https://mathlib-cdn1.calcmath.workers.dev/thumbnails/impossible-10.png,200,puzzle
4111,Impulse Ball 1,https://mathlib-cdn1.calcmath.workers.dev/activities/impulse-ball-1/index.html,https://mathlib-cdn1.calcmath.workers.dev/thumbnails/impulse-ball-1.png,200,arcade
4112,In Orbit,https://mathlib-cdn1.calcmath.workers.dev/activities/in-orbit/index.html,https://mathlib-cdn1.calcmath.workers.dev/thumbnails/in-orbit.png,200,puzzle
4113,Isometric Lamps Move,https://mathlib-cdn1.calcmath.workers.dev/activities/isometric-lamps-move/index.html,https://mathlib-cdn1.calcmath.workers.dev/thumbnails/isometric-lamps-move.png,200,puzzle
4114,Juice Spill,https://mathlib-cdn1.calcmath.workers.dev/activities/juice-spill/index.html,https://mathlib-cdn1.calcmath.workers.dev/thumbnails/juice-spill.png,200,puzzle
4115,Jungle Puzzle,https://mathlib-cdn1.calcmath.workers.dev/activities/jungle-puzzle/index.html,https://mathlib-cdn1.calcmath.workers.dev/thumbnails/jungle-puzzle.png,200,puzzle
4116,Kofi Adventure Game,https://mathlib-cdn1.calcmath.workers.dev/activities/kofi-adventure-game/index.html,https://mathlib-cdn1.calcmath.workers.dev/thumbnails/kofi-adventure-game.png,200,adventure
4117,Lab Escape 2,https://mathlib-cdn1.calcmath.workers.dev/activities/lab-escape-2/index.html,https://mathlib-cdn1.calcmath.workers.dev/thumbnails/lab-escape-2.png,200,adventure
4118,Little Panda Match 3,https://mathlib-cdn1.calcmath.workers.dev/activities/little-panda-match-3/index.html,https://mathlib-cdn1.calcmath.workers.dev/thumbnails/little-panda-match-3.png,200,puzzle
4119,Math Angles,https://mathlib-cdn1.calcmath.workers.dev/activities/math-angles/index.html,https://mathlib-cdn1.calcmath.workers.dev/thumbnails/math-angles.png,200,puzzle
4120,Math Challenge 1,https://mathlib-cdn1.calcmath.workers.dev/activities/math-challenge-1/index.html,https://mathlib-cdn1.calcmath.workers.dev/thumbnails/math-challenge-1.png,200,puzzle
4121,Math Challenge 2,https://mathlib-cdn1.calcmath.workers.dev/activities/math-challenge-2/index.html,https://mathlib-cdn1.calcmath.workers.dev/thumbnails/math-challenge-2.png,200,puzzle
4122,Math Challenge 3,https://mathlib-cdn1.calcmath.workers.dev/activities/math-challenge-3/index.html,https://mathlib-cdn1.calcmath.workers.dev/thumbnails/math-challenge-3.png,200,puzzle
4123,Math Challenge 4,https://mathlib-cdn1.calcmath.workers.dev/activities/math-challenge-4/index.html,https://mathlib-cdn1.calcmath.workers.dev/thumbnails/math-challenge-4.png,200,puzzle
4124,Math Challenge 5,https://mathlib-cdn1.calcmath.workers.dev/activities/math-challenge-5/index.html,https://mathlib-cdn1.calcmath.workers.dev/thumbnails/math-challenge-5.png,200,puzzle
4125,Math Sum,https://mathlib-cdn1.calcmath.workers.dev/activities/math-sum/index.html,https://mathlib-cdn1.calcmath.workers.dev/thumbnails/math-sum.png,200,puzzle
4126,Maze Control,https://mathlib-cdn1.calcmath.workers.dev/activities/maze-control/index.html,https://mathlib-cdn1.calcmath.workers.dev/thumbnails/maze-control.png,200,puzzle
4127,Maze Shadow,https://mathlib-cdn1.calcmath.workers.dev/activities/maze-shadow/index.html,https://mathlib-cdn1.calcmath.workers.dev/thumbnails/maze-shadow.png,200,puzzle
4128,Maze Shadow 2,https://mathlib-cdn1.calcmath.workers.dev/activities/maze-shadow-2/index.html,https://mathlib-cdn1.calcmath.workers.dev/thumbnails/maze-shadow-2.png,200,puzzle
4129,Merge Blocks,https://mathlib-cdn1.calcmath.workers.dev/activities/merge-blocks/index.html,https://mathlib-cdn1.calcmath.workers.dev/thumbnails/merge-blocks.png,200,puzzle
4130,Mergis Game,https://mathlib-cdn1.calcmath.workers.dev/activities/mergis-game/index.html,https://mathlib-cdn1.calcmath.workers.dev/thumbnails/mergis-game.png,200,puzzle
4131,Milk For Cat,https://mathlib-cdn1.calcmath.workers.dev/activities/milk-for-cat/index.html,https://mathlib-cdn1.calcmath.workers.dev/thumbnails/milk-for-cat.png,200,casual
4132,Monster Escape,https://mathlib-cdn1.calcmath.workers.dev/activities/monster-escape/index.html,https://mathlib-cdn1.calcmath.workers.dev/thumbnails/monster-escape.png,200,adventure
4133,Monster Match Mania,https://mathlib-cdn1.calcmath.workers.dev/activities/monster-match-mania/index.html,https://mathlib-cdn1.calcmath.workers.dev/thumbnails/monster-match-mania.png,200,puzzle
4134,Monstertopia Puzzle,https://mathlib-cdn1.calcmath.workers.dev/activities/monstertopia-puzzle/index.html,https://mathlib-cdn1.calcmath.workers.dev/thumbnails/monstertopia-puzzle.png,200,puzzle
4135,Mouse,https://mathlib-cdn1.calcmath.workers.dev/activities/mouse/index.html,https://mathlib-cdn1.calcmath.workers.dev/thumbnails/mouse.png,200,puzzle
4136,Move The Pin 1,https://mathlib-cdn1.calcmath.workers.dev/activities/move-the-pin-1/index.html,https://mathlib-cdn1.calcmath.workers.dev/thumbnails/move-the-pin-1.png,200,puzzle
4137,Move The Pin 2,https://mathlib-cdn1.calcmath.workers.dev/activities/move-the-pin-2/index.html,https://mathlib-cdn1.calcmath.workers.dev/thumbnails/move-the-pin-2.png,200,puzzle
4138,Number Merge,https://mathlib-cdn1.calcmath.workers.dev/activities/number-merge/index.html,https://mathlib-cdn1.calcmath.workers.dev/thumbnails/number-merge.png,200,puzzle
4139,Number Patterns,https://mathlib-cdn1.calcmath.workers.dev/activities/number-patterns/index.html,https://mathlib-cdn1.calcmath.workers.dev/thumbnails/number-patterns.png,200,puzzle
4140,On The Hill,https://mathlib-cdn1.calcmath.workers.dev/activities/on-the-hill/index.html,https://mathlib-cdn1.calcmath.workers.dev/thumbnails/on-the-hill.png,200,casual
4141,One Stage,https://mathlib-cdn1.calcmath.workers.dev/activities/one-stage/index.html,https://mathlib-cdn1.calcmath.workers.dev/thumbnails/one-stage.png,200,puzzle
4142,Paddle Bricks,https://mathlib-cdn1.calcmath.workers.dev/activities/paddle-bricks/index.html,https://mathlib-cdn1.calcmath.workers.dev/thumbnails/paddle-bricks.png,200,arcade
4143,Panda Love,https://mathlib-cdn1.calcmath.workers.dev/activities/panda-love/index.html,https://mathlib-cdn1.calcmath.workers.dev/thumbnails/panda-love.png,200,adventure
4144,Pause Puzzle,https://mathlib-cdn1.calcmath.workers.dev/activities/pause-puzzle/index.html,https://mathlib-cdn1.calcmath.workers.dev/thumbnails/pause-puzzle.png,200,puzzle
4145,Penguin Likes Ice Cream,https://mathlib-cdn1.calcmath.workers.dev/activities/penguin-likes-ice-cream/index.html,https://mathlib-cdn1.calcmath.workers.dev/thumbnails/penguin-likes-ice-cream.png,200,casual
4146,Penguin Love Puzzle,https://mathlib-cdn1.calcmath.workers.dev/activities/penguin-love-puzzle/index.html,https://mathlib-cdn1.calcmath.workers.dev/thumbnails/penguin-love-puzzle.png,200,puzzle
4147,Pipe Connect Puzzle,https://mathlib-cdn1.calcmath.workers.dev/activities/pipe-connect-puzzle/index.html,https://mathlib-cdn1.calcmath.workers.dev/thumbnails/pipe-connect-puzzle.png,200,puzzle
4148,Pixel Slime,https://mathlib-cdn1.calcmath.workers.dev/activities/pixel-slime/index.html,https://mathlib-cdn1.calcmath.workers.dev/thumbnails/pixel-slime.png,200,arcade
4149,Planet Orbit,https://mathlib-cdn1.calcmath.workers.dev/activities/planet-orbit/index.html,https://mathlib-cdn1.calcmath.workers.dev/thumbnails/planet-orbit.png,200,puzzle
4150,Popcorn Eater,https://mathlib-cdn1.calcmath.workers.dev/activities/popcorn-eater/index.html,https://mathlib-cdn1.calcmath.workers.dev/thumbnails/popcorn-eater.png,200,casual
4151,Puzzle Slider Numbers,https://mathlib-cdn1.calcmath.workers.dev/activities/puzzle-slider-numbers/index.html,https://mathlib-cdn1.calcmath.workers.dev/thumbnails/puzzle-slider-numbers.png,200,puzzle
4152,Rail Maze,https://mathlib-cdn1.calcmath.workers.dev/activities/rail-maze/index.html,https://mathlib-cdn1.calcmath.workers.dev/thumbnails/rail-maze.png,200,puzzle
4153,Reach The Flag,https://mathlib-cdn1.calcmath.workers.dev/activities/reach-the-flag/index.html,https://mathlib-cdn1.calcmath.workers.dev/thumbnails/reach-the-flag.png,200,puzzle
4154,Red Slide,https://mathlib-cdn1.calcmath.workers.dev/activities/red-slide/index.html,https://mathlib-cdn1.calcmath.workers.dev/thumbnails/red-slide.png,200,puzzle
4155,Robot Start Game,https://mathlib-cdn1.calcmath.workers.dev/activities/robot-start-game/index.html,https://mathlib-cdn1.calcmath.workers.dev/thumbnails/robot-start-game.png,200,puzzle
4156,Rock Roll Puzzle,https://mathlib-cdn1.calcmath.workers.dev/activities/rock-roll-puzzle/index.html,https://mathlib-cdn1.calcmath.workers.dev/thumbnails/rock-roll-puzzle.png,200,puzzle
4157,Rocket Balance,https://mathlib-cdn1.calcmath.workers.dev/activities/rocket-balance/index.html,https://mathlib-cdn1.calcmath.workers.dev/thumbnails/rocket-balance.png,200,puzzle
4158,Rope Bawling,https://mathlib-cdn1.calcmath.workers.dev/activities/rope-bawling/index.html,https://mathlib-cdn1.calcmath.workers.dev/thumbnails/rope-bawling.png,200,sports
4159,Rope Bawling 2,https://mathlib-cdn1.calcmath.workers.dev/activities/rope-bawling-2/index.html,https://mathlib-cdn1.calcmath.workers.dev/thumbnails/rope-bawling-2.png,200,sports
4160,Rotate And Flip,https://mathlib-cdn1.calcmath.workers.dev/activities/rotate-and-flip/index.html,https://mathlib-cdn1.calcmath.workers.dev/thumbnails/rotate-and-flip.png,200,puzzle
4161,Rotated Cups,https://mathlib-cdn1.calcmath.workers.dev/activities/rotated-cups/index.html,https://mathlib-cdn1.calcmath.workers.dev/thumbnails/rotated-cups.png,200,puzzle
4162,Route Digger,https://mathlib-cdn1.calcmath.workers.dev/activities/route-digger/index.html,https://mathlib-cdn1.calcmath.workers.dev/thumbnails/route-digger.png,200,puzzle
4163,Route Digger 2,https://mathlib-cdn1.calcmath.workers.dev/activities/route-digger-2/index.html,https://mathlib-cdn1.calcmath.workers.dev/thumbnails/route-digger-2.png,200,puzzle
4164,Save Orange,https://mathlib-cdn1.calcmath.workers.dev/activities/save-orange/index.html,https://mathlib-cdn1.calcmath.workers.dev/thumbnails/save-orange.png,200,puzzle
4165,Save Us,https://mathlib-cdn1.calcmath.workers.dev/activities/save-us/index.html,https://mathlib-cdn1.calcmath.workers.dev/thumbnails/save-us.png,200,puzzle
4166,Scribble World,https://mathlib-cdn1.calcmath.workers.dev/activities/scribble-world/index.html,https://mathlib-cdn1.calcmath.workers.dev/thumbnails/scribble-world.png,200,casual
4167,Scribble World Drawing,https://mathlib-cdn1.calcmath.workers.dev/activities/scribble-world-drawing/index.html,https://mathlib-cdn1.calcmath.workers.dev/thumbnails/scribble-world-drawing.png,200,casual
4168,Scribble World Logic Puzzle,https://mathlib-cdn1.calcmath.workers.dev/activities/scribble-world-logic-puzzle/index.html,https://mathlib-cdn1.calcmath.workers.dev/thumbnails/scribble-world-logic-puzzle.png,200,puzzle
4169,Scribble World Physics,https://mathlib-cdn1.calcmath.workers.dev/activities/scribble-world-physics/index.html,https://mathlib-cdn1.calcmath.workers.dev/thumbnails/scribble-world-physics.png,200,casual
4170,Shadoworld Adventure,https://mathlib-cdn1.calcmath.workers.dev/activities/shadoworld-adventure/index.html,https://mathlib-cdn1.calcmath.workers.dev/thumbnails/shadoworld-adventure.png,200,adventure
4171,Shape Balance 2,https://mathlib-cdn1.calcmath.workers.dev/activities/shape-balance-2/index.html,https://mathlib-cdn1.calcmath.workers.dev/thumbnails/shape-balance-2.png,200,puzzle
4172,Sky Speedster,https://mathlib-cdn1.calcmath.workers.dev/activities/sky-speedster/index.html,https://mathlib-cdn1.calcmath.workers.dev/thumbnails/sky-speedster.png,200,arcade
4173,Small Archer,https://mathlib-cdn1.calcmath.workers.dev/activities/small-archer/index.html,https://mathlib-cdn1.calcmath.workers.dev/thumbnails/small-archer.png,200,action
4174,Small Archer 2,https://mathlib-cdn1.calcmath.workers.dev/activities/small-archer-2/index.html,https://mathlib-cdn1.calcmath.workers.dev/thumbnails/small-archer-2.png,200,action
4175,Snake Falls,https://mathlib-cdn1.calcmath.workers.dev/activities/snake-falls/index.html,https://mathlib-cdn1.calcmath.workers.dev/thumbnails/snake-falls.png,200,arcade
4176,Sokofarm Game,https://mathlib-cdn1.calcmath.workers.dev/activities/sokofarm-game/index.html,https://mathlib-cdn1.calcmath.workers.dev/thumbnails/sokofarm-game.png,200,puzzle
4177,Sokogem,https://mathlib-cdn1.calcmath.workers.dev/activities/sokogem/index.html,https://mathlib-cdn1.calcmath.workers.dev/thumbnails/sokogem.png,200,puzzle
4178,Sokomath Puzzle,https://mathlib-cdn1.calcmath.workers.dev/activities/sokomath-puzzle/index.html,https://mathlib-cdn1.calcmath.workers.dev/thumbnails/sokomath-puzzle.png,200,puzzle
4179,Soroban,https://mathlib-cdn1.calcmath.workers.dev/activities/soroban/index.html,https://mathlib-cdn1.calcmath.workers.dev/thumbnails/soroban.png,200,puzzle
4180,Space Pest,https://mathlib-cdn1.calcmath.workers.dev/activities/space-pest/index.html,https://mathlib-cdn1.calcmath.workers.dev/thumbnails/space-pest.png,200,arcade
4181,Spatial Blocks,https://mathlib-cdn1.calcmath.workers.dev/activities/spatial-blocks/index.html,https://mathlib-cdn1.calcmath.workers.dev/thumbnails/spatial-blocks.png,200,puzzle
4182,Speedy Steve,https://mathlib-cdn1.calcmath.workers.dev/activities/speedy-steve/index.html,https://mathlib-cdn1.calcmath.workers.dev/thumbnails/speedy-steve.png,200,arcade
4183,Spin Bowling,https://mathlib-cdn1.calcmath.workers.dev/activities/spin-bowling/index.html,https://mathlib-cdn1.calcmath.workers.dev/thumbnails/spin-bowling.png,200,sports
4184,Spinvaders,https://mathlib-cdn1.calcmath.workers.dev/activities/spinvaders/index.html,https://mathlib-cdn1.calcmath.workers.dev/thumbnails/spinvaders.png,200,arcade
4185,Square Monsters,https://mathlib-cdn1.calcmath.workers.dev/activities/square-monsters/index.html,https://mathlib-cdn1.calcmath.workers.dev/thumbnails/square-monsters.png,200,puzzle
4186,Stack Builder,https://mathlib-cdn1.calcmath.workers.dev/activities/stack-builder/index.html,https://mathlib-cdn1.calcmath.workers.dev/thumbnails/stack-builder.png,200,puzzle
4187,Stop Now,https://mathlib-cdn1.calcmath.workers.dev/activities/stop-now/index.html,https://mathlib-cdn1.calcmath.workers.dev/thumbnails/stop-now.png,200,puzzle
4188,Switch Magic,https://mathlib-cdn1.calcmath.workers.dev/activities/switch-magic/index.html,https://mathlib-cdn1.calcmath.workers.dev/thumbnails/switch-magic.png,200,puzzle
4189,Tangram Grid,https://mathlib-cdn1.calcmath.workers.dev/activities/tangram-grid/index.html,https://mathlib-cdn1.calcmath.workers.dev/thumbnails/tangram-grid.png,200,puzzle
4190,The Gate,https://mathlib-cdn1.calcmath.workers.dev/activities/the-gate/index.html,https://mathlib-cdn1.calcmath.workers.dev/thumbnails/the-gate.png,200,puzzle
4191,Three Chances,https://mathlib-cdn1.calcmath.workers.dev/activities/three-chances/index.html,https://mathlib-cdn1.calcmath.workers.dev/thumbnails/three-chances.png,200,puzzle
4192,Track Rotate,https://mathlib-cdn1.calcmath.workers.dev/activities/track-rotate/index.html,https://mathlib-cdn1.calcmath.workers.dev/thumbnails/track-rotate.png,200,puzzle
4193,Treze Coins,https://mathlib-cdn1.calcmath.workers.dev/activities/treze-coins/index.html,https://mathlib-cdn1.calcmath.workers.dev/thumbnails/treze-coins.png,200,puzzle
4194,Two Aliens Adventure,https://mathlib-cdn1.calcmath.workers.dev/activities/two-aliens-adventure/index.html,https://mathlib-cdn1.calcmath.workers.dev/thumbnails/two-aliens-adventure.png,200,adventure
4195,Use Your Head Part 1,https://mathlib-cdn1.calcmath.workers.dev/activities/use-your-head-part-1/index.html,https://mathlib-cdn1.calcmath.workers.dev/thumbnails/use-your-head-part-1.png,200,puzzle
4196,Use Your Head Part 2,https://mathlib-cdn1.calcmath.workers.dev/activities/use-your-head-part-2/index.html,https://mathlib-cdn1.calcmath.workers.dev/thumbnails/use-your-head-part-2.png,200,puzzle
4197,Use Your Head Part 3,https://mathlib-cdn1.calcmath.workers.dev/activities/use-your-head-part-3/index.html,https://mathlib-cdn1.calcmath.workers.dev/thumbnails/use-your-head-part-3.png,200,puzzle
4198,Where Is My Cat,https://mathlib-cdn1.calcmath.workers.dev/activities/where-is-my-cat/index.html,https://mathlib-cdn1.calcmath.workers.dev/thumbnails/where-is-my-cat.png,200,puzzle
4199,Float for Brainrots,https://mathlib-cdn1.calcmath.workers.dev/activities/float-for-brainrots/index.html,https://mathlib-cdn1.calcmath.workers.dev/thumbnails/float-for-brainrots.png,200,adventure
4200,Angry Heroes,https://mathlib-cdn1.calcmath.workers.dev/activities/angry-heroes/index.html,https://mathlib-cdn1.calcmath.workers.dev/thumbnails/angry-heroes.png,200,action
4202,Slap and Run,https://mathlib-cdn1.calcmath.workers.dev/activities/slap-and-run/index.html,https://mathlib-cdn1.calcmath.workers.dev/thumbnails/slap-and-run.jpg,200,action
4203,1 on 1 Soccer,https://mathlib-cdn1.calcmath.workers.dev/geet-activities/1v1-soccer/index.html,https://mathlib-cdn1.calcmath.workers.dev/thumbnails/geet-1v1-soccer.jpg,200,sports
4204,10 Minutes Till Dawn,https://mathlib-cdn1.calcmath.workers.dev/geet-activities/10-minutes-till-dawn/index.html,https://mathlib-cdn1.calcmath.workers.dev/thumbnails/geet-10-minutes-till-dawn.png,200,shooter
4205,1v1.LOL,https://mathlib-cdn1.calcmath.workers.dev/geet-activities/1v1-lol/index.html,https://mathlib-cdn1.calcmath.workers.dev/thumbnails/geet-1v1-lol.png,200,shooter
4206,2048,https://mathlib-cdn1.calcmath.workers.dev/geet-activities/2048/index.html,https://mathlib-cdn1.calcmath.workers.dev/thumbnails/geet-2048.png,200,puzzle
4207,3D Bowling,https://mathlib-cdn1.calcmath.workers.dev/geet-activities/3d-bowling/index.html,https://mathlib-cdn1.calcmath.workers.dev/thumbnails/geet-3d-bowling.jpg,200,sports
4208,8 Ball,https://mathlib-cdn1.calcmath.workers.dev/geet-activities/8-ball/index.html,https://mathlib-cdn1.calcmath.workers.dev/thumbnails/geet-8-ball.jpg,200,sports
4209,99 Nights in The Forest,https://mathlib-cdn1.calcmath.workers.dev/geet-activities/99-nights-in-the-forest/index.html,https://mathlib-cdn1.calcmath.workers.dev/thumbnails/geet-99-nights-in-the-forest.jpg,200,adventure
4210,Ages of Conflict,https://mathlib-cdn1.calcmath.workers.dev/geet-activities/ages-of-conflict/index.html,https://mathlib-cdn1.calcmath.workers.dev/thumbnails/geet-ages-of-conflict.jpg,200,strategy
4211,Among Us,https://mathlib-cdn1.calcmath.workers.dev/geet-activities/among-us/index.html,https://mathlib-cdn1.calcmath.workers.dev/thumbnails/geet-among-us.png,200,casual
4212,Angry Sharks,https://mathlib-cdn1.calcmath.workers.dev/geet-activities/angry-sharks/index.html,https://mathlib-cdn1.calcmath.workers.dev/thumbnails/geet-angry-sharks.png,200,action
4213,Apple Shooter,https://mathlib-cdn1.calcmath.workers.dev/geet-activities/apple-shooter/index.html,https://mathlib-cdn1.calcmath.workers.dev/thumbnails/geet-apple-shooter.jpg,200,arcade
4214,Aquapark Slides,https://mathlib-cdn1.calcmath.workers.dev/geet-activities/aquapark-slides/index.html,https://mathlib-cdn1.calcmath.workers.dev/thumbnails/geet-aquapark-slides.png,200,casual
4215,Arcane Archer,https://mathlib-cdn1.calcmath.workers.dev/geet-activities/arcane-archer/index.html,https://mathlib-cdn1.calcmath.workers.dev/thumbnails/geet-arcane-archer.avif,200,action
4216,Awesome Tanks 2,https://mathlib-cdn1.calcmath.workers.dev/geet-activities/awesome-tanks-2/index.html,https://mathlib-cdn1.calcmath.workers.dev/thumbnails/geet-awesome-tanks-2.jpg,200,shooter
4217,Backrooms,https://mathlib-cdn1.calcmath.workers.dev/geet-activities/backrooms/index.html,https://mathlib-cdn1.calcmath.workers.dev/thumbnails/geet-backrooms.jpg,200,horror
4218,Backrooms 2D,https://mathlib-cdn1.calcmath.workers.dev/geet-activities/backrooms-2d/index.html,https://mathlib-cdn1.calcmath.workers.dev/thumbnails/geet-backrooms-2d.png,200,horror
4219,Bacon May Die,https://mathlib-cdn1.calcmath.workers.dev/geet-activities/bacon-may-die/index.html,https://mathlib-cdn1.calcmath.workers.dev/thumbnails/geet-bacon-may-die.png,200,platformer
4220,Bad Ice Cream,https://mathlib-cdn1.calcmath.workers.dev/geet-activities/bad-ice-cream/index.html,https://mathlib-cdn1.calcmath.workers.dev/thumbnails/geet-bad-ice-cream.png,200,arcade
4221,Baldi's Basics,https://mathlib-cdn1.calcmath.workers.dev/geet-activities/baldis-basics/index.html,https://mathlib-cdn1.calcmath.workers.dev/thumbnails/geet-baldis-basics.png,200,horror
4222,Ballistic,https://mathlib-cdn1.calcmath.workers.dev/geet-activities/ballistic/index.html,https://mathlib-cdn1.calcmath.workers.dev/thumbnails/geet-ballistic.jpg,200,action
4223,Basket Random,https://mathlib-cdn1.calcmath.workers.dev/geet-activities/basket-random/index.html,https://mathlib-cdn1.calcmath.workers.dev/thumbnails/geet-basket-random.png,200,sports
4224,Basketball Stars,https://mathlib-cdn1.calcmath.workers.dev/geet-activities/basketball-stars/index.html,https://mathlib-cdn1.calcmath.workers.dev/thumbnails/geet-basketball-stars.png,200,sports
4225,Big Tower Tiny Square,https://mathlib-cdn1.calcmath.workers.dev/geet-activities/big-tower-tiny-square/index.html,https://mathlib-cdn1.calcmath.workers.dev/thumbnails/geet-big-tower-tiny-square.png,200,platformer
4226,Bitcoin Clicker,https://mathlib-cdn1.calcmath.workers.dev/geet-activities/bitcoin-clicker/index.html,https://mathlib-cdn1.calcmath.workers.dev/thumbnails/geet-bitcoin-clicker.png,200,idle
4227,BitLife,https://mathlib-cdn1.calcmath.workers.dev/geet-activities/bl/index.html,https://mathlib-cdn1.calcmath.workers.dev/thumbnails/geet-bl.png,200,casual
4228,Bloons TD 4,https://mathlib-cdn1.calcmath.workers.dev/geet-activities/bloonstd-4/index.html,https://mathlib-cdn1.calcmath.workers.dev/thumbnails/geet-bloonstd-4.jpg,200,strategy
4229,Bloxorz,https://mathlib-cdn1.calcmath.workers.dev/geet-activities/bloxors/index.html,https://mathlib-cdn1.calcmath.workers.dev/thumbnails/geet-bloxors.png,200,puzzle
4230,Blumgi Rocket,https://mathlib-cdn1.calcmath.workers.dev/geet-activities/blumgi-rocket/index.html,https://mathlib-cdn1.calcmath.workers.dev/thumbnails/geet-blumgi-rocket.png,200,platformer
4231,Blumgi Slime,https://mathlib-cdn1.calcmath.workers.dev/geet-activities/blumgi-slime/index.html,https://mathlib-cdn1.calcmath.workers.dev/thumbnails/geet-blumgi-slime.jpg,200,platformer
4232,Bob the Robber 2,https://mathlib-cdn1.calcmath.workers.dev/geet-activities/bob-the-robber-2/index.html,https://mathlib-cdn1.calcmath.workers.dev/thumbnails/geet-bob-the-robber-2.jpeg,200,puzzle
4233,Bottle Flip,https://mathlib-cdn1.calcmath.workers.dev/geet-activities/bottle-flip/index.html,https://mathlib-cdn1.calcmath.workers.dev/thumbnails/geet-bottle-flip.png,200,casual
4234,Boxel Rebound,https://mathlib-cdn1.calcmath.workers.dev/geet-activities/boxel-rebound/index.html,https://mathlib-cdn1.calcmath.workers.dev/thumbnails/geet-boxel-rebound.jpg,200,platformer
4235,Boxing Random,https://mathlib-cdn1.calcmath.workers.dev/geet-activities/boxing-random/index.html,https://mathlib-cdn1.calcmath.workers.dev/thumbnails/geet-boxing-random.jpg,200,sports
4236,Cars Simulator,https://mathlib-cdn1.calcmath.workers.dev/geet-activities/cars-simulator/index.html,https://mathlib-cdn1.calcmath.workers.dev/thumbnails/geet-cars-simulator.png,200,racing
4237,circloO,https://mathlib-cdn1.calcmath.workers.dev/geet-activities/circlo/index.html,https://mathlib-cdn1.calcmath.workers.dev/thumbnails/geet-circlo.png,200,platformer
4238,circloO 2,https://mathlib-cdn1.calcmath.workers.dev/geet-activities/circlo-2/index.html,https://mathlib-cdn1.calcmath.workers.dev/thumbnails/geet-circlo-2.png,200,platformer
4239,Climb Over It,https://mathlib-cdn1.calcmath.workers.dev/geet-activities/climb-over-it/index.html,https://mathlib-cdn1.calcmath.workers.dev/thumbnails/geet-climb-over-it.jpg,200,platformer
4240,Cluster Rush,https://mathlib-cdn1.calcmath.workers.dev/geet-activities/cluster-rush/index.html,https://mathlib-cdn1.calcmath.workers.dev/thumbnails/geet-cluster-rush.png,200,racing
4241,Cookie Clicker,https://mathlib-cdn1.calcmath.workers.dev/geet-activities/cookie-clicker/index.html,https://mathlib-cdn1.calcmath.workers.dev/thumbnails/geet-cookie-clicker.png,200,idle
4242,Core Ball,https://mathlib-cdn1.calcmath.workers.dev/geet-activities/core-ball/index.html,https://mathlib-cdn1.calcmath.workers.dev/thumbnails/geet-core-ball.png,200,arcade
4243,Crazy Cars,https://mathlib-cdn1.calcmath.workers.dev/geet-activities/crazy-cars/index.html,https://mathlib-cdn1.calcmath.workers.dev/thumbnails/geet-crazy-cars.jpg,200,racing
4244,Crossy Road,https://mathlib-cdn1.calcmath.workers.dev/geet-activities/crossy-road/index.html,https://mathlib-cdn1.calcmath.workers.dev/thumbnails/geet-crossy-road.png,200,arcade
4245,CS:GO Clicker,https://mathlib-cdn1.calcmath.workers.dev/geet-activities/csgo-clicker/index.html,https://mathlib-cdn1.calcmath.workers.dev/thumbnails/geet-csgo-clicker.png,200,idle
4246,Cuphead,https://mathlib-cdn1.calcmath.workers.dev/geet-activities/cuphead/index.html,https://mathlib-cdn1.calcmath.workers.dev/thumbnails/geet-cuphead.png,200,platformer
4247,Deal or No Deal,https://mathlib-cdn1.calcmath.workers.dev/geet-activities/deal-or-no-deal/index.html,https://mathlib-cdn1.calcmath.workers.dev/thumbnails/geet-deal-or-no-deal.jpg,200,casual
4248,Death Run 3D,https://mathlib-cdn1.calcmath.workers.dev/geet-activities/death-run-3d/index.html,https://mathlib-cdn1.calcmath.workers.dev/thumbnails/geet-death-run-3d.png,200,platformer
4249,Doge Miner,https://mathlib-cdn1.calcmath.workers.dev/geet-activities/doge-miner/index.html,https://mathlib-cdn1.calcmath.workers.dev/thumbnails/geet-doge-miner.png,200,idle
4250,Doodle Jump,https://mathlib-cdn1.calcmath.workers.dev/geet-activities/doodle-jump/index.html,https://mathlib-cdn1.calcmath.workers.dev/thumbnails/geet-doodle-jump.png,200,arcade
4251,Draw the Hill,https://mathlib-cdn1.calcmath.workers.dev/geet-activities/draw-the-hill/index.html,https://mathlib-cdn1.calcmath.workers.dev/thumbnails/geet-draw-the-hill.png,200,puzzle
4252,Drift Boss,https://mathlib-cdn1.calcmath.workers.dev/geet-activities/drift-boss/index.html,https://mathlib-cdn1.calcmath.workers.dev/thumbnails/geet-drift-boss.png,200,racing
4253,Drive Mad,https://mathlib-cdn1.calcmath.workers.dev/geet-activities/drive-mad/index.html,https://mathlib-cdn1.calcmath.workers.dev/thumbnails/geet-drive-mad.jpg,200,racing
4254,Duck Life 4,https://mathlib-cdn1.calcmath.workers.dev/geet-activities/duck-life-4/index.html,https://mathlib-cdn1.calcmath.workers.dev/thumbnails/geet-duck-life-4.jpg,200,adventure
4256,Elastic Face,https://mathlib-cdn1.calcmath.workers.dev/geet-activities/elastic-face/index.html,https://mathlib-cdn1.calcmath.workers.dev/thumbnails/geet-elastic-face.png,200,casual
4257,Fireboy and Watergirl,https://mathlib-cdn1.calcmath.workers.dev/geet-activities/fire-boy-water-girl/index.html,https://mathlib-cdn1.calcmath.workers.dev/thumbnails/geet-fire-boy-water-girl.jpeg,200,puzzle
4258,Five Nights at Freddys,https://mathlib-cdn1.calcmath.workers.dev/geet-activities/fnaf/index.html,https://mathlib-cdn1.calcmath.workers.dev/thumbnails/geet-fnaf.jpg,200,horror
4259,Flappy Bird,https://mathlib-cdn1.calcmath.workers.dev/geet-activities/flappy-bird/index.html,https://mathlib-cdn1.calcmath.workers.dev/thumbnails/geet-flappy-bird.png,200,arcade
4260,Flash Tetris,https://mathlib-cdn1.calcmath.workers.dev/geet-activities/flash-tetris/index.html,https://mathlib-cdn1.calcmath.workers.dev/thumbnails/geet-flash-tetris.png,200,puzzle
4261,fnaf 2,https://mathlib-cdn1.calcmath.workers.dev/geet-activities/fnaf-2/index.html,https://mathlib-cdn1.calcmath.workers.dev/thumbnails/geet-fnaf-2.jpg,200,horror
4262,Football Legends,https://mathlib-cdn1.calcmath.workers.dev/geet-activities/football-legends/index.html,https://mathlib-cdn1.calcmath.workers.dev/thumbnails/geet-football-legends.jpg,200,sports
4263,Football Strike,https://mathlib-cdn1.calcmath.workers.dev/geet-activities/football-strike/index.html,https://mathlib-cdn1.calcmath.workers.dev/thumbnails/geet-football-strike.jpg,200,sports
4264,Fruit Ninja,https://mathlib-cdn1.calcmath.workers.dev/geet-activities/fruit-ninja/index.html,https://mathlib-cdn1.calcmath.workers.dev/thumbnails/geet-fruit-ninja.jpg,200,arcade
4265,Funny Shooter 2,https://mathlib-cdn1.calcmath.workers.dev/geet-activities/funny-shooter-2/index.html,https://mathlib-cdn1.calcmath.workers.dev/thumbnails/geet-funny-shooter-2.png,200,shooter
4266,Geometry Dash,https://mathlib-cdn1.calcmath.workers.dev/geet-activities/geometry-dash/index.html,https://mathlib-cdn1.calcmath.workers.dev/thumbnails/geet-geometry-dash.png,200,platformer
4267,Getaway Shootout,https://mathlib-cdn1.calcmath.workers.dev/geet-activities/getaway-shootout/index.html,https://mathlib-cdn1.calcmath.workers.dev/thumbnails/geet-getaway-shootout.jpg,200,action
4268,Getting Over It,https://mathlib-cdn1.calcmath.workers.dev/geet-activities/getting-over-it/index.html,https://mathlib-cdn1.calcmath.workers.dev/thumbnails/geet-getting-over-it.png,200,platformer
4269,Gladihoppers,https://mathlib-cdn1.calcmath.workers.dev/geet-activities/gladihoppers/index.html,https://mathlib-cdn1.calcmath.workers.dev/thumbnails/geet-gladihoppers.png,200,action
4270,Google Feud,https://mathlib-cdn1.calcmath.workers.dev/geet-activities/google-feud/index.html,https://mathlib-cdn1.calcmath.workers.dev/thumbnails/geet-google-feud.png,200,casual
4271,Grow A Garden,https://mathlib-cdn1.calcmath.workers.dev/geet-activities/grow-a-garden/index.html,https://mathlib-cdn1.calcmath.workers.dev/thumbnails/geet-grow-a-garden.png,200,idle
4272,Gunspin,https://mathlib-cdn1.calcmath.workers.dev/geet-activities/gunspin/index.html,https://mathlib-cdn1.calcmath.workers.dev/thumbnails/geet-gunspin.png,200,puzzle
4273,Idle Breakout,https://mathlib-cdn1.calcmath.workers.dev/geet-activities/idle-breakout/index.html,https://mathlib-cdn1.calcmath.workers.dev/thumbnails/geet-idle-breakout.png,200,idle
4274,Idle Mining Empire,https://mathlib-cdn1.calcmath.workers.dev/geet-activities/idle-mining/index.html,https://mathlib-cdn1.calcmath.workers.dev/thumbnails/geet-idle-mining.jpg,200,idle
4275,Iron Snout,https://mathlib-cdn1.calcmath.workers.dev/geet-activities/iron-snout/index.html,https://mathlib-cdn1.calcmath.workers.dev/thumbnails/geet-iron-snout.png,200,action
4276,Italian Brainrot Obby Parkour,https://mathlib-cdn1.calcmath.workers.dev/geet-activities/italian-brainrot-obby-parkour/index.html,https://mathlib-cdn1.calcmath.workers.dev/thumbnails/geet-italian-brainrot-obby-parkour.png,200,platformer
4277,JustFall.LOL,https://mathlib-cdn1.calcmath.workers.dev/geet-activities/just-fall/index.html,https://mathlib-cdn1.calcmath.workers.dev/thumbnails/geet-just-fall.png,200,io
4278,Learn to Fly,https://mathlib-cdn1.calcmath.workers.dev/geet-activities/learn-to-fly/index.html,https://mathlib-cdn1.calcmath.workers.dev/thumbnails/geet-learn-to-fly.png,200,adventure
4279,Mario Bros,https://mathlib-cdn1.calcmath.workers.dev/geet-activities/mario-bros/index.html,https://mathlib-cdn1.calcmath.workers.dev/thumbnails/geet-mario-bros.png,200,platformer
4280,Merge Round Racers,https://mathlib-cdn1.calcmath.workers.dev/geet-activities/merge-round-racers/index.html,https://mathlib-cdn1.calcmath.workers.dev/thumbnails/geet-merge-round-racers.png,200,racing
4281,Minecraft 1.5,https://mathlib-cdn1.calcmath.workers.dev/geet-activities/minecraft-15/index.html,https://mathlib-cdn1.calcmath.workers.dev/thumbnails/geet-minecraft-15.jpeg,200,open-world
4282,Minecraft 1.8,https://mathlib-cdn1.calcmath.workers.dev/geet-activities/minecraft-18/index.html,https://mathlib-cdn1.calcmath.workers.dev/thumbnails/geet-minecraft-18.png,200,open-world
4283,Mini-putt,https://mathlib-cdn1.calcmath.workers.dev/geet-activities/miniputt/index.html,https://mathlib-cdn1.calcmath.workers.dev/thumbnails/geet-miniputt.png,200,sports
4284,Moto X3M,https://mathlib-cdn1.calcmath.workers.dev/geet-activities/motox3m/index.html,https://mathlib-cdn1.calcmath.workers.dev/thumbnails/geet-motox3m.jpg,200,racing
4285,Moto X3M 2,https://mathlib-cdn1.calcmath.workers.dev/geet-activities/motox3m2/index.html,https://mathlib-cdn1.calcmath.workers.dev/thumbnails/geet-motox3m2.jpg,200,racing
4286,Moto X3M Pool Party,https://mathlib-cdn1.calcmath.workers.dev/geet-activities/motox3m-pool/index.html,https://mathlib-cdn1.calcmath.workers.dev/thumbnails/geet-motox3m-pool.jpg,200,racing
4287,Moto X3M Spooky,https://mathlib-cdn1.calcmath.workers.dev/geet-activities/motox3m-spooky/index.html,https://mathlib-cdn1.calcmath.workers.dev/thumbnails/geet-motox3m-spooky.jpeg,200,racing
4288,Moto X3M Winter,https://mathlib-cdn1.calcmath.workers.dev/geet-activities/motox3m-winter/index.html,https://mathlib-cdn1.calcmath.workers.dev/thumbnails/geet-motox3m-winter.jpeg,200,racing
4289,Mr Bullet,https://mathlib-cdn1.calcmath.workers.dev/geet-activities/mr-bullet/index.html,https://mathlib-cdn1.calcmath.workers.dev/thumbnails/geet-mr-bullet.png,200,shooter
4290,n-gon,https://mathlib-cdn1.calcmath.workers.dev/geet-activities/n-gon/index.html,https://mathlib-cdn1.calcmath.workers.dev/thumbnails/geet-n-gon.png,200,io
4291,Nut Simulator,https://mathlib-cdn1.calcmath.workers.dev/geet-activities/nut-simulator/index.html,https://mathlib-cdn1.calcmath.workers.dev/thumbnails/geet-nut-simulator.png,200,casual
4292,Obby on a Bike,https://mathlib-cdn1.calcmath.workers.dev/geet-activities/obby-on-a-bike/index.html,https://mathlib-cdn1.calcmath.workers.dev/thumbnails/geet-obby-on-a-bike.png,200,platformer
4293,OvO,https://mathlib-cdn1.calcmath.workers.dev/geet-activities/ovo/index.html,https://mathlib-cdn1.calcmath.workers.dev/thumbnails/geet-ovo.png,200,platformer
4294,OvO 2,https://mathlib-cdn1.calcmath.workers.dev/geet-activities/ovo-2/index.html,https://mathlib-cdn1.calcmath.workers.dev/thumbnails/geet-ovo-2.jpg,200,platformer
4295,OvO Dimensions,https://mathlib-cdn1.calcmath.workers.dev/geet-activities/ovo-dimensions/index.html,https://mathlib-cdn1.calcmath.workers.dev/thumbnails/geet-ovo-dimensions.jpg,200,platformer
4296,Paper.io 2,https://mathlib-cdn1.calcmath.workers.dev/geet-activities/paper-io-2/index.html,https://mathlib-cdn1.calcmath.workers.dev/thumbnails/geet-paper-io-2.png,200,io
4297,Paper.io 3,https://mathlib-cdn1.calcmath.workers.dev/geet-activities/paper-io-3/index.html,https://mathlib-cdn1.calcmath.workers.dev/thumbnails/geet-paper-io-3.png,200,io
4298,Ragdoll Archers,https://mathlib-cdn1.calcmath.workers.dev/geet-activities/ragdoll-archers/index.html,https://mathlib-cdn1.calcmath.workers.dev/thumbnails/geet-ragdoll-archers.png,200,action
4299,Retro Bowl,https://mathlib-cdn1.calcmath.workers.dev/geet-activities/retro-bowl/index.html,https://mathlib-cdn1.calcmath.workers.dev/thumbnails/geet-retro-bowl.jpg,200,sports
4300,Retro Bowl College,https://mathlib-cdn1.calcmath.workers.dev/geet-activities/retro-bowl-college/index.html,https://mathlib-cdn1.calcmath.workers.dev/thumbnails/geet-retro-bowl-college.png,200,sports
4301,Rise Higher,https://mathlib-cdn1.calcmath.workers.dev/geet-activities/rise-higher/index.html,https://mathlib-cdn1.calcmath.workers.dev/thumbnails/geet-rise-higher.png,200,arcade
4302,Rooftop Snipers,https://mathlib-cdn1.calcmath.workers.dev/geet-activities/rooftop-snipers/index.html,https://mathlib-cdn1.calcmath.workers.dev/thumbnails/geet-rooftop-snipers.png,200,action
4303,Scrap Metal,https://mathlib-cdn1.calcmath.workers.dev/geet-activities/scrap-metal/index.html,https://mathlib-cdn1.calcmath.workers.dev/thumbnails/geet-scrap-metal.png,200,racing
4304,Slope,https://mathlib-cdn1.calcmath.workers.dev/geet-activities/slope/index.html,https://mathlib-cdn1.calcmath.workers.dev/thumbnails/geet-slope.jpeg,200,arcade
4305,Slope 2,https://mathlib-cdn1.calcmath.workers.dev/geet-activities/slope-2/index.html,https://mathlib-cdn1.calcmath.workers.dev/thumbnails/geet-slope-2.png,200,arcade
4306,Snow Rider 3D,https://mathlib-cdn1.calcmath.workers.dev/geet-activities/snow-ride/index.html,https://mathlib-cdn1.calcmath.workers.dev/thumbnails/geet-snow-ride.jpg,200,racing
4307,Snowbattle,https://mathlib-cdn1.calcmath.workers.dev/geet-activities/snowbattle/index.html,https://mathlib-cdn1.calcmath.workers.dev/thumbnails/geet-snowbattle.png,200,io
4308,Soccer Random,https://mathlib-cdn1.calcmath.workers.dev/geet-activities/soccer-random/index.html,https://mathlib-cdn1.calcmath.workers.dev/thumbnails/geet-soccer-random.png,200,sports
4309,Soccer Skills Euro Cup,https://mathlib-cdn1.calcmath.workers.dev/geet-activities/soccer-skills/index.html,https://mathlib-cdn1.calcmath.workers.dev/thumbnails/geet-soccer-skills.png,200,sports
4310,Stack,https://mathlib-cdn1.calcmath.workers.dev/geet-activities/stack/index.html,https://mathlib-cdn1.calcmath.workers.dev/thumbnails/geet-stack.png,200,arcade
4311,Steal A Brainrot,https://mathlib-cdn1.calcmath.workers.dev/geet-activities/steal-a-brainrot/index.html,https://mathlib-cdn1.calcmath.workers.dev/thumbnails/geet-steal-a-brainrot.jpg,200,casual
4312,Stick Duel Battle,https://mathlib-cdn1.calcmath.workers.dev/geet-activities/stick-duel-battle/index.html,https://mathlib-cdn1.calcmath.workers.dev/thumbnails/geet-stick-duel-battle.jpg,200,action
4313,Stick Merge,https://mathlib-cdn1.calcmath.workers.dev/geet-activities/stick-merge/index.html,https://mathlib-cdn1.calcmath.workers.dev/thumbnails/geet-stick-merge.png,200,idle
4314,Stickman Hook,https://mathlib-cdn1.calcmath.workers.dev/geet-activities/stickman-hook/index.html,https://mathlib-cdn1.calcmath.workers.dev/thumbnails/geet-stickman-hook.jpg,200,platformer
4315,Subway Surfers,https://mathlib-cdn1.calcmath.workers.dev/geet-activities/subway-surfers/index.html,https://mathlib-cdn1.calcmath.workers.dev/thumbnails/geet-subway-surfers.png,200,arcade
4316,Subway Surfers New York,https://mathlib-cdn1.calcmath.workers.dev/geet-activities/subway-surfers-ny/index.html,https://mathlib-cdn1.calcmath.workers.dev/thumbnails/geet-subway-surfers-ny.png,200,arcade
4317,Super Mario 64,https://mathlib-cdn1.calcmath.workers.dev/geet-activities/super-mario-64/index.html,https://mathlib-cdn1.calcmath.workers.dev/thumbnails/geet-super-mario-64.jfif,200,platformer
4318,Superhot,https://mathlib-cdn1.calcmath.workers.dev/geet-activities/superhot/index.html,https://mathlib-cdn1.calcmath.workers.dev/thumbnails/geet-superhot.jpg,200,shooter
4319,Survival Race,https://mathlib-cdn1.calcmath.workers.dev/geet-activities/survival-race/index.html,https://mathlib-cdn1.calcmath.workers.dev/thumbnails/geet-survival-race.png,200,racing
4320,Tag,https://mathlib-cdn1.calcmath.workers.dev/geet-activities/tag/index.html,https://mathlib-cdn1.calcmath.workers.dev/thumbnails/geet-tag.jpg,200,io
4321,Tanuki Sunset,https://mathlib-cdn1.calcmath.workers.dev/geet-activities/tanuki-sunset/index.html,https://mathlib-cdn1.calcmath.workers.dev/thumbnails/geet-tanuki-sunset.png,200,racing
4322,Temple Run 2,https://mathlib-cdn1.calcmath.workers.dev/geet-activities/temple-run-2/index.html,https://mathlib-cdn1.calcmath.workers.dev/thumbnails/geet-temple-run-2.png,200,arcade
4323,Territorial,https://mathlib-cdn1.calcmath.workers.dev/geet-activities/territorial/index.html,https://mathlib-cdn1.calcmath.workers.dev/thumbnails/geet-territorial.png,200,io
4324,There is No Game,https://mathlib-cdn1.calcmath.workers.dev/geet-activities/there-is-no-game/index.html,https://mathlib-cdn1.calcmath.workers.dev/thumbnails/geet-there-is-no-game.png,200,puzzle
4325,Tiny Fishing,https://mathlib-cdn1.calcmath.workers.dev/geet-activities/tiny-fishing/index.html,https://mathlib-cdn1.calcmath.workers.dev/thumbnails/geet-tiny-fishing.png,200,casual
4326,Trap Adventure 2,https://mathlib-cdn1.calcmath.workers.dev/geet-activities/trap-adventure-2/index.html,https://mathlib-cdn1.calcmath.workers.dev/thumbnails/geet-trap-adventure-2.png,200,platformer
4327,Tunnel Rush,https://mathlib-cdn1.calcmath.workers.dev/geet-activities/tunnel-rush/index.html,https://mathlib-cdn1.calcmath.workers.dev/thumbnails/geet-tunnel-rush.jpg,200,arcade
4328,Twerk Race 3d,https://mathlib-cdn1.calcmath.workers.dev/geet-activities/twerk-race-3d/index.html,https://mathlib-cdn1.calcmath.workers.dev/thumbnails/geet-twerk-race-3d.png,200,racing
4329,Volley Random,https://mathlib-cdn1.calcmath.workers.dev/geet-activities/volley-random/index.html,https://mathlib-cdn1.calcmath.workers.dev/thumbnails/geet-volley-random.png,200,sports
4330,Wordle,https://mathlib-cdn1.calcmath.workers.dev/geet-activities/wordle/index.html,https://mathlib-cdn1.calcmath.workers.dev/thumbnails/geet-wordle.png,200,puzzle
4331,World's Hardest Game,https://mathlib-cdn1.calcmath.workers.dev/geet-activities/worlds-hardest-game/index.html,https://mathlib-cdn1.calcmath.workers.dev/thumbnails/geet-worlds-hardest-game.jpg,200,puzzle
4332,Run 3,https://mathlib-cdn1.calcmath.workers.dev/geet-activities/run-3/index.html,https://mathlib-cdn1.calcmath.workers.dev/thumbnails/geet-run-3.webp,200,platformer
4333,Happy Wheels,https://mathlib-cdn1.calcmath.workers.dev/geet-activities/happy-wheels/index.html,https://mathlib-cdn1.calcmath.workers.dev/thumbnails/geet-happy-wheels.webp,200,racing
4401,Hextris,https://mathlib-cdn1.calcmath.workers.dev/activities/hextris/index.html,https://mathlib-cdn1.calcmath.workers.dev/thumbnails/hextris.png,200,puzzle
4402,Racing Game,https://mathlib-cdn1.calcmath.workers.dev/activities/racing-game/index.html,https://mathlib-cdn1.calcmath.workers.dev/thumbnails/racing-game.webp,200,racing
4403,3D Pinball Space Cadet,https://mathlib-cdn1.calcmath.workers.dev/more-activities/3d-pinball-space-cadet/index.html,https://mathlib-cdn1.calcmath.workers.dev/thumbnails/3d-pinball-space-cadet.jpg,200,puzzle
4404,Macintosh Classic Emulator,https://mathlib-cdn1.calcmath.workers.dev/more-activities/minivmac/index.html,https://mathlib-cdn1.calcmath.workers.dev/img/minivmac.webp,200,simulation
4405,Reborn XP,https://mathlib-cdn1.calcmath.workers.dev/more-activities/reborn-xp/index.html,https://mathlib-cdn1.calcmath.workers.dev/img/reborn-xp.webp,200,simulation
4406,Hacker Simulator,https://mathlib-cdn1.calcmath.workers.dev/more-activities/hacker-simulator/index.html,https://mathlib-cdn1.calcmath.workers.dev/thumbnails/hacker-simulator.jpg,200,simulation
4407,Fake Update Screens,https://mathlib-cdn1.calcmath.workers.dev/more-activities/fake-updates/index.html,https://mathlib-cdn1.calcmath.workers.dev/thumbnails/fake-updates.jpg,200,simulation
4408,/follow,https://mathlib-cdn1.calcmath.workers.dev/more-activities/follow/index.html,https://mathlib-cdn1.calcmath.workers.dev/thumbnails/follow.jpg,200,puzzle
4409,1066,https://mathlib-cdn1.calcmath.workers.dev/more-activities/1066/index.html,https://mathlib-cdn1.calcmath.workers.dev/thumbnails/1066.jpg,200,strategy
4410,3 Foot Ninja,https://mathlib-cdn1.calcmath.workers.dev/more-activities/3-foot-ninja/index.html,https://mathlib-cdn1.calcmath.workers.dev/thumbnails/3-foot-ninja.jpg,200,action
4411,3 Foot Ninja II,https://mathlib-cdn1.calcmath.workers.dev/more-activities/3-foot-ninja-ii/index.html,https://mathlib-cdn1.calcmath.workers.dev/thumbnails/3-foot-ninja-ii.jpg,200,action
4412,4-Eyes,https://mathlib-cdn1.calcmath.workers.dev/more-activities/4-eyes/index.html,https://mathlib-cdn1.calcmath.workers.dev/thumbnails/4-eyes.jpg,200,puzzle
4413,40 Winks,https://mathlib-cdn1.calcmath.workers.dev/more-activities/40-winks/index.html,https://mathlib-cdn1.calcmath.workers.dev/thumbnails/40-winks.jpg,200,creative
4414,625 Sandwich Stacker,https://mathlib-cdn1.calcmath.workers.dev/more-activities/625-sandwich-stacker/index.html,https://mathlib-cdn1.calcmath.workers.dev/thumbnails/625-sandwich-stacker.jpg,200,arcade
4415,8 Ball Pool,https://mathlib-cdn1.calcmath.workers.dev/more-activities/8-ball-pool/index.html,https://mathlib-cdn1.calcmath.workers.dev/thumbnails/8-ball-pool.jpg,200,sports
4416,A Dralien Day,https://mathlib-cdn1.calcmath.workers.dev/more-activities/a-dralien-day/index.html,https://mathlib-cdn1.calcmath.workers.dev/thumbnails/a-dralien-day.jpg,200,puzzle
4417,A Koopa’s Revenge,https://mathlib-cdn1.calcmath.workers.dev/more-activities/a-koopas-revenge/index.html,https://mathlib-cdn1.calcmath.workers.dev/thumbnails/a-koopas-revenge.jpg,200,action
4418,A Koopa’s Revenge 2,https://mathlib-cdn1.calcmath.workers.dev/more-activities/a-koopas-revenge-2/index.html,https://mathlib-cdn1.calcmath.workers.dev/thumbnails/a-koopas-revenge-2.jpg,200,action
4419,A Small Favor,https://mathlib-cdn1.calcmath.workers.dev/more-activities/a-small-favor/index.html,https://mathlib-cdn1.calcmath.workers.dev/thumbnails/a-small-favor.jpg,200,adventure
4420,A.L.I.A.S. Episode 1,https://mathlib-cdn1.calcmath.workers.dev/more-activities/a-l-i-a-s-episode-1/index.html,https://mathlib-cdn1.calcmath.workers.dev/thumbnails/a-l-i-a-s-episode-1.jpg,200,shooter
4421,Abobo’s Big Adventure,https://mathlib-cdn1.calcmath.workers.dev/more-activities/abobos-big-adventure/index.html,https://mathlib-cdn1.calcmath.workers.dev/thumbnails/abobos-big-adventure.jpg,200,adventure
4422,absolute.Madness,https://mathlib-cdn1.calcmath.workers.dev/more-activities/absolute-madness/index.html,https://mathlib-cdn1.calcmath.workers.dev/thumbnails/absolute-madness.jpg,200,shooter
4423,Abuba the Alien,https://mathlib-cdn1.calcmath.workers.dev/more-activities/abuba-the-alien/index.html,https://mathlib-cdn1.calcmath.workers.dev/thumbnails/abuba-the-alien.jpg,200,puzzle
4424,Achievement Unlocked 2,https://mathlib-cdn1.calcmath.workers.dev/more-activities/achievement-unlocked-2/index.html,https://mathlib-cdn1.calcmath.workers.dev/thumbnails/achievement-unlocked-2.jpg,200,puzzle
4425,Achievement Unlocked 3,https://mathlib-cdn1.calcmath.workers.dev/more-activities/achievement-unlocked-3/index.html,https://mathlib-cdn1.calcmath.workers.dev/thumbnails/achievement-unlocked-3.jpg,200,puzzle
4426,Achilles,https://mathlib-cdn1.calcmath.workers.dev/more-activities/achilles/index.html,https://mathlib-cdn1.calcmath.workers.dev/thumbnails/achilles.jpg,200,action
4427,Adrenaline Challenge,https://mathlib-cdn1.calcmath.workers.dev/more-activities/adrenaline-challenge/index.html,https://mathlib-cdn1.calcmath.workers.dev/thumbnails/adrenaline-challenge.jpg,200,sports
4428,Adventure Time Princess Maker,https://mathlib-cdn1.calcmath.workers.dev/more-activities/adventure-time-princess-maker/index.html,https://mathlib-cdn1.calcmath.workers.dev/thumbnails/adventure-time-princess-maker.jpg,200,creative
4429,Adventure Time: Jumping Finn,https://mathlib-cdn1.calcmath.workers.dev/more-activities/adventure-time-jumping-finn/index.html,https://mathlib-cdn1.calcmath.workers.dev/thumbnails/adventure-time-jumping-finn.jpg,200,arcade
4430,Age of War,https://mathlib-cdn1.calcmath.workers.dev/more-activities/age-of-war/index.html,https://mathlib-cdn1.calcmath.workers.dev/thumbnails/age-of-war.jpg,200,strategy
4431,Age of War 2,https://mathlib-cdn1.calcmath.workers.dev/more-activities/ageofwar2/index.html,https://mathlib-cdn1.calcmath.workers.dev/thumbnails/ageofwar2.jpg,200,strategy
4432,Airport Tycoon,https://mathlib-cdn1.calcmath.workers.dev/more-activities/airport-tycoon/index.html,https://mathlib-cdn1.calcmath.workers.dev/thumbnails/airport-tycoon.jpg,200,simulation
4433,Alex The Adventurer and The Lost Marbles,https://mathlib-cdn1.calcmath.workers.dev/more-activities/alex-the-adventurer-and-the-lost-marbles/index.html,https://mathlib-cdn1.calcmath.workers.dev/thumbnails/alex-the-adventurer-and-the-lost-marbles.jpg,200,adventure
4434,Alien Attack,https://mathlib-cdn1.calcmath.workers.dev/more-activities/alien-attack/index.html,https://mathlib-cdn1.calcmath.workers.dev/thumbnails/alien-attack.jpg,200,shooter
4435,Alloy: Arena,https://mathlib-cdn1.calcmath.workers.dev/more-activities/alloy-arena/index.html,https://mathlib-cdn1.calcmath.workers.dev/thumbnails/alloy-arena.jpg,200,shooter
4436,American Racing,https://mathlib-cdn1.calcmath.workers.dev/more-activities/american-racing/index.html,https://mathlib-cdn1.calcmath.workers.dev/thumbnails/american-racing.jpg,200,sports
4437,Among the Clouds,https://mathlib-cdn1.calcmath.workers.dev/more-activities/among-the-clouds/index.html,https://mathlib-cdn1.calcmath.workers.dev/thumbnails/among-the-clouds.jpg,200,arcade
4438,Amorphous,https://mathlib-cdn1.calcmath.workers.dev/more-activities/amorphous/index.html,https://mathlib-cdn1.calcmath.workers.dev/thumbnails/amorphous.jpg,200,action
4439,An Eye for Detail,https://mathlib-cdn1.calcmath.workers.dev/more-activities/an-eye-for-detail/index.html,https://mathlib-cdn1.calcmath.workers.dev/thumbnails/an-eye-for-detail.jpg,200,puzzle
4440,Animals in the City,https://mathlib-cdn1.calcmath.workers.dev/more-activities/animals-in-the-city/index.html,https://mathlib-cdn1.calcmath.workers.dev/thumbnails/animals-in-the-city.jpg,200,quiz
4441,Animator vs. Animation Game,https://mathlib-cdn1.calcmath.workers.dev/more-activities/animator-vs-animation-game/index.html,https://mathlib-cdn1.calcmath.workers.dev/thumbnails/animator-vs-animation-game.jpg,200,action
4442,Animatronic Jumpscare Factory,https://mathlib-cdn1.calcmath.workers.dev/more-activities/animatronic-jumpscare-factory/index.html,https://mathlib-cdn1.calcmath.workers.dev/thumbnails/animatronic-jumpscare-factory.jpg,200,creative
4443,Anime Face Maker,https://mathlib-cdn1.calcmath.workers.dev/more-activities/anime-face-maker/index.html,https://mathlib-cdn1.calcmath.workers.dev/thumbnails/anime-face-maker.jpg,200,creative
4444,Annoying Orange: Escape from Dr. Fruitenstein,https://mathlib-cdn1.calcmath.workers.dev/more-activities/annoying-orange-escape-from-dr-fruitenstein/index.html,https://mathlib-cdn1.calcmath.workers.dev/thumbnails/annoying-orange-escape-from-dr-fruitenstein.jpg,200,puzzle
4445,Antbuster,https://mathlib-cdn1.calcmath.workers.dev/more-activities/antbuster/index.html,https://mathlib-cdn1.calcmath.workers.dev/thumbnails/antbuster.jpg,200,strategy
4446,AntiPacman,https://mathlib-cdn1.calcmath.workers.dev/more-activities/antipacman/index.html,https://mathlib-cdn1.calcmath.workers.dev/thumbnails/antipacman.jpg,200,strategy
4447,AOOA,https://mathlib-cdn1.calcmath.workers.dev/more-activities/aooa/index.html,https://mathlib-cdn1.calcmath.workers.dev/thumbnails/aooa.jpg,200,adventure
4448,Apocalyptic Tower,https://mathlib-cdn1.calcmath.workers.dev/more-activities/apocalyptic-tower/index.html,https://mathlib-cdn1.calcmath.workers.dev/thumbnails/apocalyptic-tower.jpg,200,shooter
4449,Arachnophilia,https://mathlib-cdn1.calcmath.workers.dev/more-activities/arachnophilia/index.html,https://mathlib-cdn1.calcmath.workers.dev/thumbnails/arachnophilia.jpg,200,arcade
4450,Arcane: The Armor Collector,https://mathlib-cdn1.calcmath.workers.dev/more-activities/arcane-the-armor-collector/index.html,https://mathlib-cdn1.calcmath.workers.dev/thumbnails/arcane-the-armor-collector.jpg,200,action
4451,Archie’s New Tooth Storybook,https://mathlib-cdn1.calcmath.workers.dev/more-activities/archies-new-tooth-storybook/index.html,https://mathlib-cdn1.calcmath.workers.dev/thumbnails/archies-new-tooth-storybook.jpg,200,educational
4452,Arcuz: Behind the Dark,https://mathlib-cdn1.calcmath.workers.dev/more-activities/arcuz-behind-the-dark/index.html,https://mathlib-cdn1.calcmath.workers.dev/thumbnails/arcuz-behind-the-dark.jpg,200,action
4453,Arkandian Legends 1: Crusade,https://mathlib-cdn1.calcmath.workers.dev/more-activities/arkandian-legends-1-crusade/index.html,https://mathlib-cdn1.calcmath.workers.dev/thumbnails/arkandian-legends-1-crusade.jpg,200,adventure
4454,Armadillo Knight,https://mathlib-cdn1.calcmath.workers.dev/more-activities/armadillo-knight/index.html,https://mathlib-cdn1.calcmath.workers.dev/thumbnails/armadillo-knight.jpg,200,arcade
4455,Armed with Wings,https://mathlib-cdn1.calcmath.workers.dev/more-activities/armed-with-wings/index.html,https://mathlib-cdn1.calcmath.workers.dev/thumbnails/armed-with-wings.jpg,200,action
4456,Armed with Wings 2,https://mathlib-cdn1.calcmath.workers.dev/more-activities/armed-with-wings-2/index.html,https://mathlib-cdn1.calcmath.workers.dev/thumbnails/armed-with-wings-2.jpg,200,action
4457,Armed with Wings 3,https://mathlib-cdn1.calcmath.workers.dev/more-activities/armed-with-wings-3/index.html,https://mathlib-cdn1.calcmath.workers.dev/thumbnails/armed-with-wings-3.jpg,200,action
4458,Armed with Wings: Culmination,https://mathlib-cdn1.calcmath.workers.dev/more-activities/armed-with-wings-culmination/index.html,https://mathlib-cdn1.calcmath.workers.dev/thumbnails/armed-with-wings-culmination.jpg,200,platformer
4459,Aster Blaster,https://mathlib-cdn1.calcmath.workers.dev/more-activities/aster-blaster/index.html,https://mathlib-cdn1.calcmath.workers.dev/thumbnails/aster-blaster.jpg,200,arcade
4460,AtarichanDrawer: Draw From Every Angle!,https://mathlib-cdn1.calcmath.workers.dev/more-activities/atarichandrawer-draw-from-every-angle/index.html,https://mathlib-cdn1.calcmath.workers.dev/thumbnails/atarichandrawer-draw-from-every-angle.jpg,200,creative
4461,Avoid or Destroyed,https://mathlib-cdn1.calcmath.workers.dev/more-activities/avoid-or-destroyed/index.html,https://mathlib-cdn1.calcmath.workers.dev/thumbnails/avoid-or-destroyed.jpg,200,arcade
4462,Awesome Planes,https://mathlib-cdn1.calcmath.workers.dev/more-activities/awesome-planes/index.html,https://mathlib-cdn1.calcmath.workers.dev/thumbnails/awesome-planes.jpg,200,action
4463,Awesome Tanks,https://mathlib-cdn1.calcmath.workers.dev/more-activities/awesome-tanks/index.html,https://mathlib-cdn1.calcmath.workers.dev/thumbnails/awesome-tanks.jpg,200,action
4464,B-Daman Evolution: Battle Zone,https://mathlib-cdn1.calcmath.workers.dev/more-activities/b-daman-evolution-battle-zone/index.html,https://mathlib-cdn1.calcmath.workers.dev/thumbnails/b-daman-evolution-battle-zone.jpg,200,action
4465,Backyard Buzzing,https://mathlib-cdn1.calcmath.workers.dev/more-activities/backyard-buzzing/index.html,https://mathlib-cdn1.calcmath.workers.dev/thumbnails/backyard-buzzing.jpg,200,strategy
4466,Backyardigans: Mission to Mars,https://mathlib-cdn1.calcmath.workers.dev/more-activities/backyardigans-mission-to-mars/index.html,https://mathlib-cdn1.calcmath.workers.dev/thumbnails/backyardigans-mission-to-mars.jpg,200,platformer
4467,Bad Haircut,https://mathlib-cdn1.calcmath.workers.dev/more-activities/bad-haircut/index.html,https://mathlib-cdn1.calcmath.workers.dev/thumbnails/bad-haircut.jpg,200,creative
4468,Bad Piggies,https://mathlib-cdn1.calcmath.workers.dev/more-activities/bad-piggies/index.html,https://mathlib-cdn1.calcmath.workers.dev/thumbnails/bad-piggies.jpg,200,puzzle
4469,Bags and Signs,https://mathlib-cdn1.calcmath.workers.dev/more-activities/bags-and-signs/index.html,https://mathlib-cdn1.calcmath.workers.dev/thumbnails/bags-and-signs.jpg,200,logic
4470,"Bang, Boom, Splat!",https://mathlib-cdn1.calcmath.workers.dev/more-activities/bang-boom-splat/index.html,https://mathlib-cdn1.calcmath.workers.dev/thumbnails/bang-boom-splat.jpg,200,shooter
4471,Barbie Camping Princess,https://mathlib-cdn1.calcmath.workers.dev/more-activities/barbie-camping-princess/index.html,https://mathlib-cdn1.calcmath.workers.dev/thumbnails/barbie-camping-princess.jpg,200,creative
4472,Barbie Chef Princess,https://mathlib-cdn1.calcmath.workers.dev/more-activities/barbie-chef-princess/index.html,https://mathlib-cdn1.calcmath.workers.dev/thumbnails/barbie-chef-princess.jpg,200,creative
4473,Bart Simpson Saw Game,https://mathlib-cdn1.calcmath.workers.dev/more-activities/bart-simpson-saw-game/index.html,https://mathlib-cdn1.calcmath.workers.dev/thumbnails/bart-simpson-saw-game.jpg,200,adventure
4474,Base Jumping,https://mathlib-cdn1.calcmath.workers.dev/more-activities/base-jumping/index.html,https://mathlib-cdn1.calcmath.workers.dev/thumbnails/base-jumping.jpg,200,action
4475,Batman: The Animated Series: The Riddler’s Secret Identity Inventor,https://mathlib-cdn1.calcmath.workers.dev/more-activities/batman-the-animated-series-the-riddlers-secret-identity-inventor/index.html,https://mathlib-cdn1.calcmath.workers.dev/thumbnails/batman-the-animated-series-the-riddlers-secret-identity-inventor.jpg,200,creative
4476,Battle Beavers,https://mathlib-cdn1.calcmath.workers.dev/more-activities/battle-beavers/index.html,https://mathlib-cdn1.calcmath.workers.dev/thumbnails/battle-beavers.jpg,200,adventure
4477,Battle Gear,https://mathlib-cdn1.calcmath.workers.dev/more-activities/battle-gear/index.html,https://mathlib-cdn1.calcmath.workers.dev/thumbnails/battle-gear.jpg,200,strategy
4478,Battle of Britain: Commando,https://mathlib-cdn1.calcmath.workers.dev/more-activities/battle-of-britain-commando/index.html,https://mathlib-cdn1.calcmath.workers.dev/thumbnails/battle-of-britain-commando.jpg,200,shooter
4479,Battlefield General,https://mathlib-cdn1.calcmath.workers.dev/more-activities/battlefield-general/index.html,https://mathlib-cdn1.calcmath.workers.dev/thumbnails/battlefield-general.jpg,200,strategy
4480,Battleships: General Quarters II,https://mathlib-cdn1.calcmath.workers.dev/more-activities/battleships-general-quarters-ii/index.html,https://mathlib-cdn1.calcmath.workers.dev/thumbnails/battleships-general-quarters-ii.jpg,200,strategy
4481,Bear in the Big Blue House: Balance,https://mathlib-cdn1.calcmath.workers.dev/more-activities/bear-in-the-big-blue-house-balance/index.html,https://mathlib-cdn1.calcmath.workers.dev/thumbnails/bear-in-the-big-blue-house-balance.jpg,200,puzzle
4482,Bear in the Big Blue House: Bear Theatre,https://mathlib-cdn1.calcmath.workers.dev/more-activities/bear-in-the-big-blue-house-bear-theatre/index.html,https://mathlib-cdn1.calcmath.workers.dev/thumbnails/bear-in-the-big-blue-house-bear-theatre.jpg,200,puzzle
4483,Bear in the Big Blue House: Cake Bake,https://mathlib-cdn1.calcmath.workers.dev/more-activities/bear-in-the-big-blue-house-cake-bake/index.html,https://mathlib-cdn1.calcmath.workers.dev/thumbnails/bear-in-the-big-blue-house-cake-bake.jpg,200,puzzle
4484,Bear in the Big Blue House: Find Snowbear,https://mathlib-cdn1.calcmath.workers.dev/more-activities/bear-in-the-big-blue-house-find-snowbear/index.html,https://mathlib-cdn1.calcmath.workers.dev/thumbnails/bear-in-the-big-blue-house-find-snowbear.jpg,200,puzzle
4485,Bear in the Big Blue House: Help Bear Bake,https://mathlib-cdn1.calcmath.workers.dev/more-activities/bear-in-the-big-blue-house-help-bear-bake/index.html,https://mathlib-cdn1.calcmath.workers.dev/thumbnails/bear-in-the-big-blue-house-help-bear-bake.jpg,200,simulation
4486,Bear in the Big Blue House: Jigsaw,https://mathlib-cdn1.calcmath.workers.dev/more-activities/bear-in-the-big-blue-house-jigsaw/index.html,https://mathlib-cdn1.calcmath.workers.dev/thumbnails/bear-in-the-big-blue-house-jigsaw.jpg,200,puzzle
4487,Bear in the Big Blue House: Mix and Match,https://mathlib-cdn1.calcmath.workers.dev/more-activities/bear-in-the-big-blue-house-mix-and-match/index.html,https://mathlib-cdn1.calcmath.workers.dev/thumbnails/bear-in-the-big-blue-house-mix-and-match.jpg,200,puzzle
4488,Beer Monster,https://mathlib-cdn1.calcmath.workers.dev/more-activities/beer-monster/index.html,https://mathlib-cdn1.calcmath.workers.dev/thumbnails/beer-monster.jpg,200,platformer
4489,Bejeweled Twist,https://mathlib-cdn1.calcmath.workers.dev/more-activities/bejeweled-twist/index.html,https://mathlib-cdn1.calcmath.workers.dev/thumbnails/bejeweled-twist.jpg,200,puzzle
4490,Ben 10: Alien Force: Hero Hoops,https://mathlib-cdn1.calcmath.workers.dev/more-activities/ben-10-alien-force-hero-hoops/index.html,https://mathlib-cdn1.calcmath.workers.dev/thumbnails/ben-10-alien-force-hero-hoops.jpg,200,sports
4491,Ben 10: Blockade Blitz,https://mathlib-cdn1.calcmath.workers.dev/more-activities/ben-10-blockade-blitz/index.html,https://mathlib-cdn1.calcmath.workers.dev/thumbnails/ben-10-blockade-blitz.jpg,200,puzzle
5137,Duckcraft,https://mathlib-cdn1.calcmath.workers.dev/embed/duckcraft/index.html,https://mathlib-cdn1.calcmath.workers.dev/img/duckcraft.webp,200,action
5138,Duckcraft World,https://mathlib-cdn1.calcmath.workers.dev/embed/eagle-duckcraft/index.html,https://mathlib-cdn1.calcmath.workers.dev/img/eagle-duckcraft.webp,200,action
5139,Fire Truck Rescue,https://mathlib-cdn1.calcmath.workers.dev/embed/fire-truck-rescue/index.html,https://mathlib-cdn1.calcmath.workers.dev/img/fire-truck-rescue.webp,200,action
5140,Fireboy and Watergirl: Forest Temple,https://mathlib-cdn1.calcmath.workers.dev/embed/fireboy-and-watergirl-forest-temple/index.html,https://mathlib-cdn1.calcmath.workers.dev/img/fireboy-and-watergirl-forest-temple.webp,200,puzzle
5142,Fort Battle Royale,https://mathlib-cdn1.calcmath.workers.dev/embed/fort-battle-royale/index.html,https://mathlib-cdn1.calcmath.workers.dev/img/fort-battle-royale.webp,200,action
5143,G-Switch 4,https://mathlib-cdn1.calcmath.workers.dev/embed/gswitch-4/index.html,https://mathlib-cdn1.calcmath.workers.dev/img/gswitch-4.webp,200,arcade
5144,G-Switch,https://mathlib-cdn1.calcmath.workers.dev/embed/gswitch/index.html,https://mathlib-cdn1.calcmath.workers.dev/img/gswitch.webp,200,arcade
5145,Nova Billiard,https://mathlib-cdn1.calcmath.workers.dev/embed/nova-billiard/index.html,https://mathlib-cdn1.calcmath.workers.dev/img/nova-billiard.webp,200,sports
5146,Obby But You're On A Bike,https://mathlib-cdn1.calcmath.workers.dev/embed/obby-but-youre-on-a-bike/index.html,https://mathlib-cdn1.calcmath.workers.dev/img/obby-but-youre-on-a-bike.webp,200,arcade
5147,Offroad Ultimate,https://mathlib-cdn1.calcmath.workers.dev/embed/offroad-ultimate/index.html,https://mathlib-cdn1.calcmath.workers.dev/img/offroad-ultimate.webp,200,racing
5148,Solitaire Adventure,https://mathlib-cdn1.calcmath.workers.dev/embed/solitaire-adventure/index.html,https://mathlib-cdn1.calcmath.workers.dev/img/solitaire-adventure.webp,200,puzzle
5149,Vex 5,https://mathlib-cdn1.calcmath.workers.dev/embed/vex-5/index.html,https://mathlib-cdn1.calcmath.workers.dev/img/vex-5.webp,200,arcade
5150,Voxel World,https://mathlib-cdn1.calcmath.workers.dev/embed/voxel-world/index.html,https://mathlib-cdn1.calcmath.workers.dev/img/voxel-world.webp,200,action
